Смартфоны HTC,3 750 руб.,м. Строгино,https://avito.ru/moskva/telefony/smartfony_htc_1270786396
HTC,2 300 руб.,м. Новокосино,https://avito.ru/moskva/telefony/htc_1512720076
HTC,1 000 руб.,,https://avito.ru/moskva/telefony/htc_1681413519?slocation=637640
HTC,5 000 руб.,,https://avito.ru/moskva/telefony/htc_1129292461?slocation=637640
HTC,1 500 руб.,м. Менделеевская,https://avito.ru/moskva/telefony/htc_1429833821
HTC Touch P3450 Elf на запчасти,300 руб.,м. Спортивная,https://avito.ru/moskva/telefony/htc_touch_p3450_elf_na_zapchasti_998604987
HTC,900 руб.,м. Алтуфьево,https://avito.ru/moskva/telefony/htc_319970214
HTC Desire A8181,900 руб.,м. Саларьево,https://avito.ru/moskva/telefony/htc_desire_a8181_1395727965
HTC One V,1 000 руб.,м. Каховская,https://avito.ru/moskva/telefony/htc_one_v_1055305579
HTC One M9,8 000 руб.,,https://avito.ru/moskva/telefony/htc_one_m9_1540504109?slocation=637640
HTC Salsa C510e,2 500 руб.,,https://avito.ru/moskva/telefony/htc_salsa_c510e_1294759974?slocation=637640
HTC,4 500 руб.,м. Кузьминки,https://avito.ru/moskva/telefony/htc_1066287344
HTC Desire 620 dual sim,4 000 руб.,м. Медведково,https://avito.ru/moskva/telefony/htc_desire_620_dual_sim_949804996
HTC T3333 Touch2,500 руб.,м. Планерная,https://avito.ru/moskva/telefony/htc_t3333_touch2_1465622467
HTC,3 500 руб.,,https://avito.ru/moskva/telefony/htc_1665162910?slocation=637640
HTC,1 400 руб.,м. Войковская,https://avito.ru/moskva/telefony/htc_1613089029
HTC One m9 e,7 000 руб.,,https://avito.ru/moskva/telefony/htc_one_m9_e_1179931431?slocation=637640
HTC wildfire S.texet TM-103.HTC 3300.SAMSUNG GT-S,500 руб.,м. Выхино,https://avito.ru/moskva/telefony/htc_wildfire_s.texet_tm-103.htc_3300.samsung_gt-s_1120062230
HTC One M9,7 000 руб.,м. Юго-Западная,https://avito.ru/moskva/telefony/htc_one_m9_1430016119
HTC Chacha,3 999 руб.,,https://avito.ru/moskva/telefony/htc_chacha_716250571
"Htc desire X. 2 Sim-карты. Полный комплект, Рст",3 700 руб.,,https://avito.ru/moskva/telefony/htc_desire_x._2_sim-karty._polnyy_komplekt_rst_1435252400
HTC,2 000 руб.,,https://avito.ru/moskva/telefony/htc_1402931187?slocation=637640
"HTC One 32GB (гарантия, чек)",2 490 руб.,м. Динамо,https://avito.ru/moskva/telefony/htc_one_32gb_garantiya_chek_1093677891
HTC MAX 4G yota,1 500 руб.,м. Театральная,https://avito.ru/moskva/telefony/htc_max_4g_yota_538630641
HTC One (M7),5 000 руб.,,https://avito.ru/moskva/telefony/htc_one_m7_1038034910?slocation=637640
HTC Desire dual sim 500,4 000 руб.,м. ВДНХ,https://avito.ru/moskva/telefony/htc_desire_dual_sim_500_573799249
HTC TyTN II P4550 Kaiser (полный комплект),1 500 руб.,,https://avito.ru/moskva/telefony/htc_tytn_ii_p4550_kaiser_polnyy_komplekt_1050568076?slocation=637640
HTC ONE V в хорошем состоянии,1 500 руб.,м. Новые Черемушки,https://avito.ru/moskva/telefony/htc_one_v_v_horoshem_sostoyanii_1598006785
HTC U11+ (6/128 Gb),36 000 руб.,м. Библиотека им. Ленина,https://avito.ru/moskva/telefony/htc_u11_6128_gb_1093251061
HTC hd2 PB81100,300 руб.,м. Домодедовская,https://avito.ru/moskva/telefony/htc_hd2_pb81100_1016124397
HTC One X,4 300 руб.,м. Кожуховская,https://avito.ru/moskva/telefony/htc_one_x_1068578169
HTC HD2,2 000 руб.,м. Нахимовский проспект,https://avito.ru/moskva/telefony/htc_hd2_1395302576
HTC radar c110e,1 200 руб.,,https://avito.ru/moskva/telefony/htc_radar_c110e_931852664?slocation=637640
Htc Телефон,2 000 руб.,м. Войковская,https://avito.ru/moskva/telefony/htc_telefon_1002263190
HTC One M9,7 000 руб.,м. Мякинино,https://avito.ru/moskva/telefony/htc_one_m9_1308510724
HTC U11 6/128 GB,30 499 руб.,м. Улица 1905 года,https://avito.ru/moskva/telefony/htc_u11_6128_gb_1070857622
HTC desire 601,2 800 руб.,,https://avito.ru/moskva/telefony/htc_desire_601_1596057130?slocation=637640
HTC Touch Cruise P3650,2 000 руб.,м. Охотный ряд,https://avito.ru/moskva/telefony/htc_touch_cruise_p3650_1216730663
HTC U Play 64gb Синий,11 990 руб.,м. Тульская,https://avito.ru/moskva/telefony/htc_u_play_64gb_siniy_1549696718
HTC,6 000 руб.,м. Октябрьское поле,https://avito.ru/moskva/telefony/htc_1067891374
HTC One M8 OP6B100,1 200 руб.,м. Царицыно,https://avito.ru/moskva/telefony/htc_one_m8_op6b100_1710763359
HTC 816 рст,2 000 руб.,,https://avito.ru/moskva/telefony/htc_816_rst_1587941989?slocation=637640
HTC,4 000 руб.,,https://avito.ru/moskva/telefony/htc_1170541154?slocation=637640
HTC,4 000 руб.,,https://avito.ru/moskva/telefony/htc_1492371943?slocation=637640
HTC one m9,6 999 руб.,м. Лермонтовский проспект,https://avito.ru/moskva/telefony/htc_one_m9_868585400
HTC,2 500 руб.,м. Курская,https://avito.ru/moskva/telefony/htc_1166353364
Htc one x и m8,Цена не указана,м. Молодежная,https://avito.ru/moskva/telefony/htc_one_x_i_m8_1403717550
HTC,3 000 руб.,,https://avito.ru/moskva/telefony/htc_1658569839?slocation=637640
HTC ONE X,3 000 руб.,,https://avito.ru/moskva/telefony/htc_one_x_1436741071?slocation=637640
HTC dual sim E9+,10 000 руб.,,https://avito.ru/moskva/telefony/htc_dual_sim_e9_1218495898?slocation=637640
HTC One SV Ростест,2 300 руб.,м. Речной вокзал,https://avito.ru/moskva/telefony/htc_one_sv_rostest_1187650339
HTC PM86100,600 руб.,м. Орехово,https://avito.ru/moskva/telefony/htc_pm86100_1280096716
HTC U11 128Gb Amazing Silver,33 590 руб.,м. Тверская,https://avito.ru/moskva/telefony/htc_u11_128gb_amazing_silver_1095049552
HTC One E9plus dual sim,8 000 руб.,,https://avito.ru/moskva_zelenograd/telefony/htc_one_e9plus_dual_sim_1421919789?slocation=637640
HTC Desire 630 Dual sim,7 000 руб.,,https://avito.ru/moskva/telefony/htc_desire_630_dual_sim_1402464278?slocation=637640
Htc one X,2 990 руб.,м. Планерная,https://avito.ru/moskva/telefony/htc_one_x_1551906573
HTC Prophet / Qtek S200 на запчасти,300 руб.,м. Спортивная,https://avito.ru/moskva/telefony/htc_prophet_qtek_s200_na_zapchasti_1067426088
HTC Wildfire S A 510,1 200 руб.,м. Выхино,https://avito.ru/moskva/telefony/htc_wildfire_s_a_510_1298788304
HTC One (M8) 32gb Синий Blue,10 500 руб.,,https://avito.ru/moskva/telefony/htc_one_m8_32gb_siniy_blue_1286542262?slocation=637640
Htc desire 310,1 000 руб.,м. Войковская,https://avito.ru/moskva/telefony/htc_desire_310_884934457
HTC legend,500 руб.,,https://avito.ru/moskva/telefony/htc_legend_1329205357?slocation=637640
HTC ONE M7 dual,3 500 руб.,м. Молодежная,https://avito.ru/moskva/telefony/htc_one_m7_dual_1144754326
HTC one mini m4 16gb,2 100 руб.,м. Выхино,https://avito.ru/moskva/telefony/htc_one_mini_m4_16gb_979489976
HTC One mini,3 000 руб.,,https://avito.ru/moskva/telefony/htc_one_mini_1307560950?slocation=637640
Htc desier 600 dual sim,3 000 руб.,м. Жулебино,https://avito.ru/moskva/telefony/htc_desier_600_dual_sim_1073892521
HTC One M7 32Gb,6 500 руб.,,https://avito.ru/moskva/telefony/htc_one_m7_32gb_1020719834?slocation=637640
HTC One M7,6 500 руб.,м. Пролетарская,https://avito.ru/moskva/telefony/htc_one_m7_975169996
HTC Radar,999 руб.,м. Электрозаводская,https://avito.ru/moskva/telefony/htc_radar_1467716470
HTC Desire 526G dual sim,4 300 руб.,м. Домодедовская,https://avito.ru/moskva/telefony/htc_desire_526g_dual_sim_1713397612
Htc herm200,500 руб.,м. Алтуфьево,https://avito.ru/moskva/telefony/htc_herm200_957446347
HTC U11 Plus 6/128gb CeramicBlack гаран прод обмен,36 000 руб.,м. Каширская,https://avito.ru/moskva/telefony/htc_u11_plus_6128gb_ceramicblack_garan_prod_obmen_1549140598
Htc Desire 626 nanosim grey Новый,9 000 руб.,м. Новые Черемушки,https://avito.ru/moskva/telefony/htc_desire_626_nanosim_grey_novyy_817630419
HTC HD T8282,3 000 руб.,м. Новые Черемушки,https://avito.ru/moskva/telefony/htc_hd_t8282_546085620
HTC Desire HD A9191,3 800 руб.,м. Лихоборы,https://avito.ru/moskva/telefony/htc_desire_hd_a9191_894043933
HTC Desire 600 Dual sim,500 руб.,м. Ясенево,https://avito.ru/moskva/telefony/htc_desire_600_dual_sim_840474706
HTC desire S,2 400 руб.,,https://avito.ru/moskva/telefony/htc_desire_s_1034837393?slocation=637640
HTC Legend,500 руб.,,https://avito.ru/moskva/telefony/htc_legend_1635258940?slocation=637640
Htc explorer,450 руб.,м. Выхино,https://avito.ru/moskva/telefony/htc_explorer_728900064
HTC Sensation XE,2 000 руб.,м. Бунинская аллея,https://avito.ru/moskva/telefony/htc_sensation_xe_973779145
HTC One Mini White Новый,3 500 руб.,м. Римская,https://avito.ru/moskva/telefony/htc_one_mini_white_novyy_1525328428
HTC One M8,8 000 руб.,,https://avito.ru/moskva/telefony/htc_one_m8_1235037135?slocation=637640
"HTC 10 оригинал не Evo, не Lifestyle",17 000 руб.,м. ВДНХ,https://avito.ru/moskva/telefony/htc_10_original_ne_evo_ne_lifestyle_1366118381
HTC 820 dual SIM,10 000 руб.,м. Митино,https://avito.ru/moskva/telefony/htc_820_dual_sim_860522909
HTC One X (на запчасти),1 500 руб.,м. Нахимовский проспект,https://avito.ru/moskva/telefony/htc_one_x_na_zapchasti_1623766947
"HTC Blue Angel (Qtek 9090, MDA III, PDA2K)",900 руб.,м. Митино,https://avito.ru/moskva/telefony/htc_blue_angel_qtek_9090_mda_iii_pda2k_896279797
HTC,8 500 руб.,,https://avito.ru/moskva/telefony/htc_1380236703?slocation=637640
HTC Desire C б/у,2 000 руб.,м. Бабушкинская,https://avito.ru/moskva/telefony/htc_desire_c_bu_1180893346
HTC desire S запчасти,100 руб.,м. Проспект Вернадского,https://avito.ru/moskva/telefony/htc_desire_s_zapchasti_654817758
HTC One M8 32Gb,8 000 руб.,м. Речной вокзал,https://avito.ru/moskva/telefony/htc_one_m8_32gb_1294003509
HTC one mini,1 500 руб.,,https://avito.ru/moskva/telefony/htc_one_mini_1415941308
HTC U11+ Plus 128GB,39 000 руб.,м. Китай-город,https://avito.ru/moskva/telefony/htc_u11_plus_128gb_1457785702
HTC/силикон/чехол/накладка/прозрачный,200 руб.,м. Улица 1905 года,https://avito.ru/moskva/telefony/htcsilikoncheholnakladkaprozrachnyy_1220772981
HTC One 32GB,3 000 руб.,,https://avito.ru/moskva/telefony/htc_one_32gb_1092824463?slocation=637640
HTC One m8,6 000 руб.,,https://avito.ru/moskva/telefony/htc_one_m8_1460893543?slocation=637640
HTC Desire 628 Dual sim,7 000 руб.,м. Семеновская,https://avito.ru/moskva/telefony/htc_desire_628_dual_sim_1487613902
HTC Desire 310 (уцт),2 500 руб.,м. Строгино,https://avito.ru/moskva/telefony/htc_desire_310_utst_1051664032
HTC one v,1 500 руб.,,https://avito.ru/moskva/telefony/htc_one_v_1468378147
HTC Legend,2 100 руб.,м. Волжская,https://avito.ru/moskva/telefony/htc_legend_868797071
HTC Sensation XL X315e 8GB 8Mp,3 200 руб.,м. Бабушкинская,https://avito.ru/moskva/telefony/htc_sensation_xl_x315e_8gb_8mp_877664046
HTC sensation xl,1 900 руб.,,https://avito.ru/moskva/telefony/htc_sensation_xl_1636250917
