DigixDAO (DGD),284.95
Dynamic Trading Rights (DTR),0.084366
Envion (EVN),0.511370
Bibox Token (BIX),0.646776
Syscoin (SYS),0.493564
Loopring (LRC),0.766808
SmartCash (SMART),0.184280
Steem (STEEM),3.09
WePower (WPR),0.145378
ZCoin (XZC),42.97
DeepBrain Chain (DBC),0.096467
Monero (XMR),273.40
Zeepin (ZPT),0.133938
Unobtanium (UNO),140.93
KuCoin Shares (KCS),4.25
COSS (COSS),0.355542
Mercury (MER),0.296764
OST (OST),0.240183
Asch (XAS),0.544558
DMarket (DMT),0.653578
Kyber Network (KNC),1.70
Shift (SHIFT),2.58
Lympo (LYM),0.043739
ICON (ICX),3.48
ZenCash (ZEN),34.99
Bitcoin,8936.29
Metaverse ETP (ETP),1.24
Republic Protocol (REN),0.078963
Pundi X (NPXS),0.004785
RChain (RHOC),1.55
Time New Bank (TNB),0.048648
THEKEY (TKY),0.017679
Basic Attention Token (BAT),0.425728
Aeon (AEON),2.15
Electroneum (ETN),0.023805
Zilliqa (ZIL),0.103291
Pascal Coin (PASC),1.05
Bloom (BLT),0.455678
Ruff (RUFF),0.104775
Bankex (BKX),0.403455
Lamden (TAU),0.207138
Presearch (PRE),0.253627
Quantstamp (QSP),0.175728
Counterparty (XCP),20.99
ColossusXT (COLX),0.002233
UTRUST (UTK),0.201614
PACcoin ($PAC),0.007269
Litecoin Cash (LCC),0.180162
PIVX (PIVX),5.58
Measurable Data Token (MDT),0.089387
Enigma (ENG),2.59
Emercoin (EMC),3.45
Eidoo (EDO),2.30
DECENT (DCT),0.816544
Karma (KRM),0.018409
Modum (MOD),2.77
Streamr DATAcoin (DATA),0.108230
Nebulas (NAS),6.40
Dash (DASH),468.64
iExec RLC (RLC),1.60
Decision Token (HST),0.961899
All Sports (SOC),0.049122
Uquid Coin (UQC),1.95
Lisk (LSK),11.74
OriginTrail (TRAC),0.186761
NAGA (NGC),0.619535
Paypex (PAYX),1.67
Status (SNT),0.153515
Gas (GAS),25.54
SophiaTX (SPHTX),0.406127
IOStoken (IOST),0.050218
Request Network (REQ),0.239287
FirstBlood (1ST),0.395322
Ubiq (UBQ),2.66
AppCoins (APPC),0.546354
BitShares (BTS),0.267992
Aeron (ARN),1.59
Flash (FLASH),0.024123
LEOcoin (LEO),0.235566
WaBi (WABI),1.27
Ethereum (ETH),636.99
Peerplays (PPY),6.39
Theta Token (THETA),0.162532
BitcoinDark (BTCD),69.30
Particl (PART),15.88
ERA (ERA),0.083885
Hive Project (HVN),0.060128
Mithril (MITH),0.997786
Power Ledger (POWR),0.516779
Quantum Resistant Ledger (QRL),1.27
BitBay (BAY),0.072377
Elastos (ELA),44.90
ZClassic (ZCL),7.68
Feathercoin (FTC),0.248016
KickCoin (KICK),0.086351
Experience Points (XP),0.000182
Viberate (VIB),0.195172
Polymath (POLY),0.532593
PotCoin (POT),0.139049
Qbao (QBT),0.405735
Electra (ECA),0.001994
Genaro Network (GNX),0.477836
Primecoin (XPM),0.819002
Wagerr (WGR),0.194868
ETHLend (LEND),0.071296
Aion (AION),4.02
Veritaseum (VERI),121.68
NEM (XEM),0.395886
Bitcoin Gold (BTG),67.01
Komodo (KMD),3.95
MediShares (MDS),0.106048
RevolutionVR (RVR),0.103527
Einsteinium (EMC2),0.333611
CRYPTO20 (C20),1.66
Fusion (FSN),5.21
Incent (INCNT),0.397143
MediBloc (MED),0.036235
YOYOW (YOYOW),0.129372
Wanchain (WAN),6.55
WhiteCoin (XWC),0.081634
Edgeless (EDG),0.703534
Dragonchain (DRGN),1.27
Civic (CVC),0.414069
Monetha (MTH),0.116304
BlackCoin (BLK),0.309585
Ignis (IGNIS),0.112833
GXChain (GXS),3.72
MobileGo (MGO),0.397237
Blocknet (BLOCK),18.97
Moeda Loyalty Points (MDA),1.13
Namecoin (NMC),1.86
Everex (EVX),1.76
Tierion (TNT),0.113771
Universa (UTNP),0.023547
Ravencoin (RVN),0.036184
Ripple (XRP),0.888828
Bancor (BNT),4.00
Decentraland (MANA),0.120730
TomoChain (TOMO),0.843769
Phore (PHR),2.02
Crown (CRW),1.68
Bitcoin Private (BTCP),54.27
BitClave (CAT),0.037960
Propy (PRO),2.03
Storm (STORM),0.058672
Waltonchain (WTC),12.51
AirSwap (AST),0.506786
OAX (OAX),0.728751
0x (ZRX),1.01
Iconomi (ICN),1.54
Raiden Network Token (RDN),2.14
Bitcoin Diamond (BCD),4.46
adToken (ADT),0.056845
TRON (TRX),0.053878
aXpire (AXP),0.074771
VIBE (VIBE),0.267405
Oyster (PRL),0.730231
Cindicator (CND),0.097586
CasinoCoin (CSC),0.001081
Spectre.ai Dividend Token (SXDT),0.352630
Energo (TSL),0.042410
Pillar (PLR),0.316073
aelf (ELF),1.20
Selfkey (KEY),0.014315
MinexCoin (MNX),17.89
HTMLCOIN (HTML),0.000337
Numeraire (NMR),17.65
GridCoin (GRC),0.055285
Genesis Vision (GVT),23.00
CyberMiles (CMT),0.152241
WAX (WAX),0.339822
LBRY Credits (LBC),0.301215
BlockMason Credit Protocol (BCPT),0.576529
LUXCoin (LUX),12.31
Alphacat (ACAT),0.009385
Nucleus Vision (NCASH),0.043930
Ardor (ARDR),0.385045
Ormeus Coin (ORME),1.91
Po.et (POE),0.053929
Verge (XVG),0.072195
QLINK (QLC),0.190851
TokenCard (TKN),1.26
Nuls (NULS),2.83
Legolas Exchange (LGO),0.294121
MonaCoin (MONA),4.03
Crypterium (CRPT),0.956562
Expanse (EXP),2.30
Dent (DENT),0.014414
Waves (WAVES),5.24
Enjin Coin (ENJ),0.139675
Siacoin (SC),0.019250
Cofound.it (CFI),0.103809
Bitcoin Cash (BCH),1237.97
district0x (DNT),0.095019
E-Dinar Coin (EDR),0.022327
Safe Exchange Coin (SAFEX),0.018618
Centrality (CENNZ),0.409997
Datawallet (DXT),0.056466
3303
LATOKEN (LA),0.243805
italNote (XDN),0.013843
SpaceChain (SPC),0.048255
Refereum (RFR),0.017263
Dentacoin (DCN),0.001121
Vertcoin (VTC),2.57
SingularityNET (AGI),0.223351
Credits (CS),0.548919
Burst (BURST),0.025003
Lunyr (LUN),13.07
Trinity Network Credit (TNC),0.130831
Ink (INK),0.183269
bitCNY (BITCNY),0.165441
High Performance Blockchain (HPB),3.52
Golem (GNT),0.593180
754
CPChain (CPC),0.140742
(IHT),0.180352
SwftCoin (SWFTC),0.015578
Pura (PURA),0.320596
2

145661
Storj (STORJ),1.13
Game.com (GTC),0.346388
TenX (PAY),1.62
Achain (ACT),0.286343
Substratum (SUB),0.723216
Zcash (ZEC),278.41
EOS (EOS),11.62
Medicalchain (MTN),0.153283
PayPie (PPP),1.15
DADI (DADI),0.300734
TokenClub (TCT),0.041016
Dogecoin (DOGE),0.005603
ReddCoin (RDD),0.008016
VeriCoin (VRC),0.707262
DigiByte (DGB),0.034423
SHIELD (XSH),0.083406
Tether (USDT),0.999096
Odyssey (OCN),0.024096
Metal (MTL),4.61
IoT Chain (ITC),1.54
Santiment Network Token (SAN),1.92
Cobinhood (COB),0.095500
DeepOnion (ONION),2.36
Jibrel Network (JNT),0.289988
ION (ION),2.98
BLOCKv (VEE),0.054006
OneRoot Network (RNT),0.079757
ugChain (UGC),0.058761
Triggers (TRIG),1.63
Soarcoin (SOAR),0.035790
Aragon (ANT),3.95
Greencoin (GRE),0.017818
Bean Cash (BITB),0.010600
Paragon (PRG),0.274042
Neblio (NEBL),11.58
Restart Energy MWAT (MWAT),0.051566
SpankChain (SPANK),0.185006
BABB (BAX),0.001898
ShipChain (SHIP),0.198267
Matrix AI Network (MAN),0.883949
YEE (YEE),0.017855
Nxt (NXT),0.205167
Byteball Bytes (GBYTE),271.82
Populous (PPT),27.29
Decred (DCR),65.31
Bluzelle (BLZ),0.567671
Pepe Cash (PEPECASH),0.040638
Stratis (STRAT),5.91
QASH (QASH),0.782914
Trade Token (TIO),0.259190
ProChain (PRA),0.398290
Ethos (ETHOS),3.00
Dimecoin (DIME),0.000041
Hshare (HSR),8.11
Rock (RKT),0.145146
Cortex (CTXC),1.36
Bottos (BTO),0.134065
POA Network (POA),0.585086
VeChain (VEN),3.93
SONM (SNM),0.208037
SunContract (SNC),0.262872
Datum (DAT),0.048336
SIRIN LABS Token (SRN),0.360532
Blox (CDT),0.058613
SaluS (SLS),61.80
Blockport (BPT),0.359481
Gifto (GTO),0.307781
Litecoin (LTC),149.99
Bodhi (BOT),0.649894
Bitcoin Atom (BCA),0.999074
Mothership (MSP),0.152901
Skycoin (SKY),18.61
INS Ecosystem (INS),1.73
Electrify.Asia (ELEC),0.103885
DEW (DEW),0.687246
Havven (HAV),0.447686
Elastic (XEL),0.346113
SALT (SALT),3.48
Nano (NANO),7.28
Ontology (ONT),4.15
Viacoin (VIA),2.41
ChainLink (LINK),0.498185
Red Pulse (RPX),0.119504
Bitcore (BTX),9.18
STK (STK),0.082957
Maker (MKR),933.01
Matchpool (GUP),0.458678
Cryptonex (CNX),6.06
carVertical (CV),0.003560
Zoin (ZOI),1.25
Mobius (MOBI),0.106199
I/O Coin (IOC),1.40
Ark (ARK),3.32
FunFair (FUN),0.048611
BOScoin (BOS),0.249833
Blocktix (TIX),0.607348
Etherparty (FUEL),0.098005
Loom Network (LOOM),0.289780
Hydro Protocol (HOT),0.048957
Humaniq (HMQ),0.182312
Telcoin (TEL),0.002575
Internet Node Token (INT),0.369457
UpToken (UP),0.239775
Nimiq Exchange Token (NET),1.71
Delphy (DPY),1.09
HempCoin (THC),0.091940
Dropil (DROP),0.003821
XTRABYTES (XBY),0.077002
TokenPay (TPAY),8.58
EDUCare (EKT),0.080892
NavCoin (NAV),1.48
Gnosis (GNO),108.09
Bytecoin (BCN),0.004832
Kin (KIN),0.000228
DATA (DTA),0.017755
Peercoin (PPC),2.46
Cardano (ADA),0.290863
Unikoin Gold (UKG),0.267931
Omni (OMNI),39.01
StakeNet (XSN),0.423887
EchoLink (EKO),0.045752
Wings (WINGS),0.583139
Monaco (MCO),12.74
WeTrust (TRST),0.279350
Dai (DAI),0.996972
Synereo (AMP),0.313798
Factom (FCT),30.32
Cube (AUTO),0.017320
SmartMesh (SMT),0.073209
Aeternity (AE),2.44
EncrypGen (DNA),0.286488
Melon (MLN),66.64
Augur (REP),40.61
Hacken (HKN),3.42
indaHash (IDH),0.057509
QunQun (QUN),0.042457
Radium (RADS),5.64
Ethereum Classic (ETC),19.22
Covesting (COV),1.02
BridgeCoin (BCO),1.57
Clams (CLAM),4.71
Nexus (NXS),2.30
Zeusshield (ZSC),0.025738
Gulden (NLG),0.120777
PolySwarm (NCT),0.010771
ALQO (ALQO),0.355500
MaidSafeCoin (MAID),0.373881
Agrello (DLT),0.252589
Matryx (MTX),0.904561
Banca (BANCA),0.002068
LinkEye (LET),0.061993
Sentinel Chain (SENC),0.169248
Tao (XTO),0.539592
XinFin Network (XDCE),0.010922
Rentberry (BERRY),0.057429
Diamond (DMD),8.37
Interplanetary Broadcast Coin (IPBC),0.236042
Elixir (ELIX),0.346288
Devery (EVE),0.270918
Ambrosus (AMB),0.478113
Cappasity (CAPP),0.040653
Switcheo (SWH),0.066461
Groestlcoin (GRS),1.47
TaaS (TAAS),6.25
SingularDTV (SNGLS),0.099111
AdEx (ADX),1.11
Fortuna (FOTA),0.077030
GameCredits (GAME),1.84
CoinPoker (CHP),0.060468
Bytom (BTM),0.897963
CloakCoin (CLOAK),14.44
Revain (R),1.06
Mooncoin (MOON),0.000047
FoldingCoin (FLDC),0.020767
Everus (EVR),0.177335
Bulwark (BWK),1.57
Stellar (XLM),0.376133
Bee Token (BEE),0.110140
ALIS (ALIS),0.357920
Olympus Labs (MOT),0.416804
B2BX (B2B),0.506096
Pandacoin (PND),0.000241
Gatcoin (GAT),0.013956
ATMChain (ATM),0.004507
SIBCoin (SIB),1.36
Quantum (QAU),0.122796
Qtum (QTUM),19.73
Aigang (AIX),0.281707
APX (APX),8.35
MonetaryUnit (MUE),0.135816
U.CASH (UCASH),0.003419
Worldcore (WRC),0.055093
Polybius (PLBT),3.26
Publica (PBL),0.471125
LIFE (LIFE),0.000270
Bitmark (BTM),0.589856
FlorinCoin (FLO),0.092606
SureRemit (RMT),0.033612
Creditbit (CRB),0.249600
SwissBorg (CHSB),0.031857
Sociall (SCL),0.192290
GoldMint (MNTP),2.36
TransferCoin (TX),1.74
TrezarCoin (TZC),0.038533
AudioCoin (ADC),0.003946
Scry.info (DDD),0.268957
Hat.Exchange (HAT),2.62
MicroMoney (AMM),0.283907
PutinCoin (PUT),0.006519
Dotcoin (DOT),0.023271
TeslaCoin (TES),0.033943
Open Trading Network (OTN),2.87
DecentBet (DBET),0.099544
OKCash (OK),0.197600
Remme (REM),0.018161
iXledger (IXT),0.497204
Insights Network (INSTAR),0.079279
Rialto (XRL),0.183001
IOTA (MIOTA),2.05
Bismuth (BIS),1.73
Change (CAG),0.221565
Primas (PST),0.252269
FirstCoin (FRST),0.063089
LuckChain (BASH),0.005788
Autonio (NIO),0.093934
Innova (INN),0.846199
AdShares (ADST),0.232275
BLUE (BLUE),0.201731
FORCE (FOR),0.020618
Memetic / PepeCoin (MEME),0.310035
ShareX (SEXC),0.009111
Sexcoin (SXC),0.023587
ChainCoin (CHC),0.181296
BioCoin (BIO),0.006244
WorldCoin (WDC),0.013740
Bela (BELA),0.089166
Mysterium (MYST),0.575197
BunnyCoin (BUN),0.000034
e-Gulden (EFL),0.190418
MyBit Token (MYB),3.44
GeoCoin (GEO),3.11
ATLANT (ATL),0.232206
Aurora DAO (AURA),0.171769
TE-FOOD (TFD),0.039794
STRAKS (STAK),0.557998
LoMoCoin (LMC),0.068400
Stealthcoin (XST),0.361649
DubaiCoin (DBIX),4.86
Viuly (VIU),0.011605
DomRaider (DRT),0.023371
Travelflex (TRF),0.166319
FlutterCoin (FLT),0.003564
Yocoin (YOC),0.015984
Blackmoon (BMC),0.629289
Swarm City (SWT),1.79
LockChain (LOC),1.28
OmiseGO (OMG),15.58
NEO (NEO),75.66
Primalbase Token (PBT),3565.20
Global Cryptocurrency (GCC),0.003564
Kzcash (KZC),2.12
BitcoinZ (BTCZ),0.004233
TrueFlip (TFL),0.936239
Dynamic (DYN),2.27
Starbase (STAR),0.025504
Farad (FRD),0.020000
RefToken (REF),5.28
Bitcrystals (BCY),0.396762
Zero (ZER),1.05
Astro (ASTRO),1.85
VeriumReserve (VRM),3.19
Adzcoin (ADZ),0.037612
Debitum Network (DEB),0.087027
Blitzcash (BLITZ),0.993964
Sprouts (SPRTS),8.4e-07
ClearCoin (CLR),0.012015
Internxt (INXT),12.29
Creativecoin (CREA),0.205845
Rupaya (RUPX),0.185969
DNotes (NOTE),0.056156
Solaris (XLR),7.94
Profile Utility Token (PUT),0.231790
BitConnect (BCC),1.15
True Chain (TRUE),0.622193
Lampix (PIX),0.026501
Coinlancer (CL),0.027323
Espers (ESP),0.000376
Stox (STX),0.408435
PiplCoin (PIPL),0.053228
Legends Room (LGD),0.714931
Ignition (IC),3.29
Cashaa (CAS),0.036935
Photon (PHO),0.000069
NeosCoin (NEOS),3.15
Ethorse (HORSE),0.067169
Maecenas (ART),0.427823
CHIPS (CHIPS),0.347509
CargoX (CXO),0.106409
Chronologic (DAY),3.84
CVCoin (CVCOIN),1.12
FujiCoin (FJC),0.001235

ATN (ATN),0.427716
Breakout (BRK),0.253718
Patientory (PTOY),0.207017
LiteDoge (LDOGE),0.000155
ExclusiveCoin (EXCL),1.28
Pirl (PIRL),0.501004
Binance Coin (BNB),13.01
Blockpool (BPL),0.184325
Education Ecosystem (LEDU),0.024476
Upfiring (UFR),0.179125
HEAT (HEAT),0.254095
Centra (CTR),0.022395
Databits (DTB),0.669059
BitSend (BSD),0.724829
Numus (NMS),0.649753
4076

ZrCoin (ZRC),0.807992
Sumokoin (SUMO),1.57
OBITS (OBITS),0.463066
Global Currency Reserve (GCR),0.045792
UnbreakableCoin (UNB),0.842602
Target Coin (TGT),0.011570
Circuits of Value (COVAL),0.009804
AirToken (AIR),0.008691
GET Protocol (GET),0.648635
Tracto (TRCT),0.327178
Rivetz (RVT),0.365911
Bonpay (BON),0.463897
NobleCoin (NOBL),0.001159
EventChain (EVC),0.114088
Hush (HUSH),1.61
Hackspace Capital (HAC),0.023412
BitDegree (BDG),0.045777
GoByte (GBX),8.01
Linda (LINDA),0.001865
CampusCoin (CMPCO),0.008664
Block Array (ARY),0.209884
Chronobank (TIME),14.53
Sense (SENSE),0.019947
Polis (POLIS),7.12
Bitcloud (BTDX),0.190116
NVO (NVST),0.787853
SpreadCoin (SPR),0.588496
bitUSD (BITUSD),1.09
vTorrent (VTR),0.452958
Footy Cash (XFT),0.329540
Condensate (RAIN),0.012555
Bytecent (BYC),0.597430
BlitzPredict (XBP),0.006694
Pylon Network (PYLNT),8.12
Tidex Token (TDX),0.169499
Internet of People (IOP),2.42
Uniform Fiscal Object (UFO),0.001074
Golos (GOLOS),0.108714
Embers (MBRS),0.026994
EZToken (EZT),0.405569
Smartlands (SLT),1.79
AidCoin (AID),0.196908
ArtByte (ABY),0.009525
CryptoPing (PING),0.670904
Rise (RISE),0.140412
Experty (EXY),0.185341
InflationCoin (IFLT),0.000043
Sequence (SEQ),0.208742
EuropeCoin (ERC),0.595024
EquiTrader (EQT),0.323159
Bounty0x (BNTY),0.104363
BiblePay (BBP),0.004371
FidentiaX (FDX),0.100282
Storiqa (STQ),0.002090
eBoost (EBST),0.508486
Energycoin (ENRG),0.124368
CoinFi (COFI),0.071750
JET8 (J8T),0.021669
RussiaCoin (RC),0.489947
Verify (CRED),0.230885
Elite (1337),0.000169
Terracoin (TRC),0.156794
SportyCo (SPF),0.152787
Xaurum (XAUR),0.076873
eBitcoin (EBTC),0.145052
Spectrecoin (XSPEC),0.530164
Mintcoin (MINT),0.000442
Ties.DB (TIE),0.127477
Moin (MOIN),0.200380
Oxycoin (OXY),0.108316
Altcoin (ALT),17.53
Emphy (EPY),0.159392
GanjaCoin (MRJA),0.098489
Snovio (SNOV),0.033502
Tokes (TKS),2.53
HOQU (HQX),0.049853
BlockCAT (CAT),0.978524
Flixxo (FLIXX),0.184058
Speed Mining Service (SMS),23.57
Miners' Reward Token (MRT),0.134054
MaxCoin (MAX),0.098174
True USD (TUSD),0.997650
Monoeci (XMCC),1.09
Eroscoin (ERO),0.042860
XGOX (XGOX),0.001426
FedoraCoin (TIPS),0.000024
BitWhite (BTW),0.047882
Hexx (HXX),2.58
Vezt (VZT),0.091752
Zilla (ZLA),0.273136
vSlice (VSL),0.106365
Sphere (SPHR),3.28
TrustPlus (TRUST),0.104056
FlypMe (FYP),0.106956
Karbo (KRB),0.532317
Monkey Project (MONK),4.27
XPA (XPA),0.229525
AICHAIN (AIT),0.023263
Zap (ZAP),0.134567
PinkCoin (PINK),0.024748
Banyan Network (BBN),0.103608
Bitzeny (ZNY),0.035118
Leverj (LEV),0.055217
Aventus (AVT),1.49
Leadcoin (LDC),0.014037
Etheroll (DICE),2.46
HEROcoin (PLAY),0.043438
Universal Currency (UNIT),0.418625
ArcticCoin (ARC),0.059116
MAZA (MZC),0.001158
Kobocoin (KOBO),0.086519
Renos (RNS),0.039288
DopeCoin (DOPE),0.064263
Magnet (MAG),0.117262
Auroracoin (AUR),1.35
LatiumX (LATX),0.022791
Qvolta (QVT),0.350589
MyWish (WISH),0.200173
ATBCoin (ATB),0.192221
Canada eCoin (CDN),0.016337
Divi (DIVX),2.63
Riecoin (RIC),0.100093
Bitcoin Plus (XBC),46.13
Sharechain (SSS),0.001782
Novacoin (NVC),4.10
LALA World (LALA),0.031785
Syndicate (SYNX),0.537200
HollyWoodCoin (HWC),2.58
HyperStake (HYP),0.003817
Sharpe Platform Token (SHP),0.217845
Spectre.ai Utility Token (SXUT),0.290610
Ink Protocol (XNK),0.058102
Capricoin (CPC),1.33
Dovu (DOVU),0.100947
Mercury Protocol (GMT),0.017788
Russian Miner Coin (RMC),6233.55
NoLimitCoin (NLC2),0.068819
808Coin (808),0.000040
MedicCoin (MEDIC),0.062055
ICOS (ICOS),26.51
,4.59
SolarCoin (SLR),0.382899
Zeitcoin (ZEIT),0.000089
DIMCOIN (DIM),0.004240
Neumark (NEU),0.430947
PoSW Coin (POSW),0.388423
NuBits (USNBT),0.572309
Machinecoin (MAC),0.061295
IntenseCoin (ITNS),0.005012
Social Send (SEND),0.142915
Unitus (UIS),0.032517
Jiyo (JIYO),0.158674
Payfair (PFR),0.103481
Linx (LINX),0.185349
NaPoleonX (NPX),0.528437
Nework (NKC),0.038304
Bitswift (SWIFT),0.905856
WandX (WAND),0.099773
LOCIcoin (LOCI),0.141560
NewYorkCoin (NYC),0.000086
Qwark (QWARK),0.117890
Magi (XMG),0.382046
InsurePal (IPL),0.046613
InvestFeed (IFT),0.054817
Pareto Network (PARETO),0.061444
Pesetacoin (PTC),0.056129
Musicoin (MUSIC),0.018751
Ellaism (ELLA),0.335820
Gladius Token (GLA),0.765643
EverGreenCoin (EGC),0.246276
ToaCoin (TOA),0.003983
Oceanlab (OCL),0.036478
Myriad (XMY),0.009463
Ergo (EFYT),6.60
IP Exchange (IPSX),0.011078
REBL (REBL),0.042056
Gambit (GAM),9.09
Tokenbox (TBX),0.249542
Rubycoin (RBY),0.631222
Guaranteed Ethurance Token Extra (GETX),0.033177
Voise (VOISE),0.011567
Jesus Coin (JC),0.000089
Neutron (NTRN),0.141297
PRIZM (PZM),0.986563
Nexium (NXC),0.184188
DigitalPrice (DP),0.092729
VIVO (VIVO),0.747346
IDEX Membership (IDXM),2805.56
Argentum (ARG),0.225747
BuzzCoin (BUZZ),0.000181
Zephyr (ZEPH),0.029363
B3Coin (KB3),0.008774
Interstellar Holdings (HOLD),0.004098
Denarius (DNR),1.11
Ace (ACE),0.342588
Opus (OPT),0.053336
Dinastycoin (DCY),0.000624
Graft (GRFT),0.019557
HelloGold (HGT),0.036961
Monster Byte (MBI),0.068025
1World (1WO),0.252989
ClearPoll (POLL),1.19
StarterCoin (STAC),0.014630
COPYTRACK (CPY),0.175839
BitDice (CSNO),0.133695
Happycoin (HPC),0.062810
EXRNchain (EXRN),0.000049
Blocklancer (LNC),0.019727
AsiaCoin (AC),0.005524
Synergy (SNRG),0.471764
BritCoin (BRIT),0.038832
Pure (PURE),1.40
CanYaCoin (CAN),0.316593
Privatix (PRIX),3.55
Tigereum (TIG),0.107309
MACRON (MCRN),0.001756
adbank (ADB),0.021625
Elementrem (ELE),0.021391
Boolberry (BBR),0.999844
AurumCoin (AU),5.25
DCORP (DRP),0.605537
The ChampCoin (TCC),0.060313
SkinCoin (SKIN),0.020220
DeviantCoin (DEV),2.25
Kore (KORE),3.50
Bitdeal (BDL),0.002907
IncaKoin (NKA),0.000091
Stipend (SPD),0.819618
LanaCoin (LANA),0.000787
NEVERDIE (NDC),0.023557
GlobalBoost-Y (BSTY),0.011867
Cream (CRM),0.017876
ERC20 (ERC20),0.000400
GCN Coin (GCN),0.000048
Growers International (GRWI),0.932760
RouletteToken (RLT),0.039930
Ethereum Cash (ECASH),0.063361
CoinonatX (XCXT),0.014257
Bezop (BEZ),0.085805
Bitcoin Fast (BCF),0.027974
DigitalDevelopersFund (DDF),0.064351
Deutsche eMark (DEM),0.039136
Iungo (ING),0.128128
onG.social (ONG),0.103147
Obsidian (ODN),0.129892
Playkey (PKT),0.606360
TrumpCoin (TRUMP),0.083619
HireMatch (HIRE),0.051889
Cannation (CNNC),0.038281
Royal Kingdom Coin (RKC),0.018174
Steneum Coin (STN),0.175229
Waves Community Token (WCT),1.14
Coin2.1 (C2),0.002601
CaliphCoin (CALC),0.000267
AgrolifeCoin (AGLC),0.000624
ZetaMicron (ZMC),0.000178
Indorse Token (IND),0.044006
bitJob (STU),0.024422
GPU Coin (GPU),0.038606
imbrex (REX),0.406973
Darcrus (DAR),0.157182
CannabisCoin (CANN),0.062980
Version (V),0.003644
GoldCoin (GLD),0.170977
DRP Utility (DRPU),0.364437
AdCoin (ACC),0.083745
Zetacoin (ZET),0.005707
Zlancer (ZCG),0.075815
Jetcoin (JET),0.092089
Aerium (AERM),0.004169
ELTCOIN (ELTCOIN),0.012075
Opal (OPAL),0.051351
Hubii Network (HBT),0.663072
Bitgem (BTG),11.58
Crave (CRAVE),0.184129
Megacoin (MEC),0.024053
Rupee (RUP),0.064593
Onix (ONX),0.011937
Flycoin (FLY),2.14
OP Coin (OPC),0.001872
CannaCoin (CCN),0.064173
Solarflarecoin (SFC),0.006734
CryptoInsight (TKR),0.031878
Billionaire Token (XBL),0.167667
Grid+ (GRID),0.637442
QubitCoin (Q2C),0.002138
Rimbit (RBT),0.002313
BlueCoin (BLU),0.002096
Desire (DSR),0.127770
FLiK (FLIK),0.033869

2

Wild Crypto (WILD),0.039287
Startcoin (START),0.017264
X-Coin (XCO),0.008625
Bitcurrency (BTCR),0.002138
Sugar Exchange (SGR),0.161657
Titcoin (TIT),0.010067
Garlicoin (GRLC),0.055886
Senderon (SDRN),0.008820
High Voltage (HVCO),0.323171
Unify (UNIFY),0.071303
PetroDollar (XPD),0.013746
Ixcoin (IXC),0.145393
Signatum (SIGT),0.002050
PostCoin (POST),0.019930
LeviarCoin (XLC),0.038397
Ecobit (ECOB),0.018069
Bitcoin Scrypt (BTCS),0.031270
BitBar (BTB),18.68
Crypto (CTO),0.010696
Ethereum Gold (ETG),0.024762
OctoCoin (888),0.004519
GeertCoin (GEERT),0.008254
Digital Money Bits (DMB),0.003118
Manna (MANNA),0.009092
Eryllium (ERY),0.016349
KekCoin (KEK),0.188957
BTCtalkcoin (TALK),0.008018
TajCoin (TAJ),0.016096
Acoin (ACOIN),0.104410
Digitalcoin (DGC),0.025017
FairCoin (FAIR),0.388156
iEthereum (IETH),0.033694
bitSilver (BITSILVER),20.84
Skeincoin (SKC),0.071984
Neuro (NRO),0.002050
Prototanium (PR),1.82
ICO OpenLedger (ICOO),1.93
Zennies (ZENI),0.001149
ArbitrageCT (ARCT),0.008997
Sativacoin (STV),0.023852
Accelerator Network (ACC),3.41
SpaceCoin (SPACE),0.008462
Helleniccoin (HNC),0.004916
BERNcash (BERN),0.003898
EcoCoin (ECO),0.171575
YashCoin (YASH),0.146997
Shekel (JEW),0.010995
Litecoin Plus (LCP),0.290207
Grimcoin (GRIM),0.004454
Octoin Coin (OCC),2.28
Dollarcoin (DLC),0.033319
Intelligent Trading Foundation (ITT),0.069681
Vsync (VSX),0.018684
GoldBlocks (GB),0.028755
Bitair (BTCA),0.000773
bitBTC (BITBTC),14108.70
Beatcoin (XBTS),0.095134
Swarm (SWM),0.397330
Nyancoin (NYAN),0.001604
Atomic Coin (ATOM),0.015574
Virtacoin (VTA),0.000125
SmartCoin (SMC),0.017940
Ammo Reloaded (AMMO),0.005078
Triangles (TRI),7.83
PopularCoin (POP),0.000269
LiteBitcoin (LBTC),0.004356
Newbium (NEWB),0.002937
Global Jobcoin (GJC),0.084270
Orbitcoin (ORB),0.623622
Atmos (ATMS),0.069958
Copico (XCPO),0.030468
Regalcoin (REC),0.081719
TEKcoin (TEK),0.000267
BitTokens (BXT),2.38
Rubies (RBIES),0.017332
iCoin (ICN),0.009176
FinCoin (FNC),0.012992
LendConnect (LCT),0.101867
Dix Asset (DIX),0.000003
Bit20 (BTWTY),"855,286"
Veros (VRS),0.000083
Interzone (ITZ),0.032963
Influxcoin (INFX),0.147442
Galactrum (ORE),0.333829
SOILcoin (SOIL),0.018263
Prime-XI (PXI),0.009881
GuccioneCoin (GCC),0.006150
Shadow Token (SHDW),0.049444
PX (PX),0.003075
TittieCoin (TTC),0.000609
Bata (BTA),0.231486
Mao Zedong (MAO),0.071271
Kurrent (KURT),0.009543
ICOBID (ICOB),0.001336
BlazeCoin (BLZ),0.000861
Mineum (MNM),0.025570
Halcyon (HAL),0.089089
Hedge (HDG),4.18
BlockPay (BLOCKPAY),0.072085
CrowdCoin (CRC),0.666170
Commodity Ad Network (CDX),0.026010
DigiCube (CUBE),0.000178
Nexxus (NXX),0.031878
MagicCoin (MAGE),0.148778
SuperCoin (SUPER),0.009745
Tattoocoin (Standard Edition) (TSE),0.004100
Ethereum Movie Venture (EMV),0.299657
SatoshiMadness (MAD),0.000089
Money ($$$),0.002673
Blakecoin (BLC),0.019568
Bolenum (BLN),0.012116
StarCash Network (STARS),0.106154
GlobalToken (GLT),0.006976
WhaleCoin (WHL),0.037774
GameUnits (UNITS),0.069764
HomeBlockCoin (HBC),0.016381
Vcash (XVC),0.336033
Emerald Crypto (EMD),0.014076
AmsterdamCoin (AMS),0.004365
Dollar Online (DOLLAR),0.035368
Bullion (CBX),2.89
AmberCoin (AMBER),0.007840
WavesGo (WGO),0.032472
EtherSportz (ESZ),0.210770
bitEUR (BITEUR),1.36
DFSCoin (DFS),0.051493
Universe (UNI),0.067529
CryptoEscudo (CESC),0.001152
AquariusCoin (ARCO),0.447409
Crystal Clear  (CCT),0.138277
Peerguess (GUESS),0.041802
UltraCoin (UTC),0.010602
SagaCoin (SAGA),0.606071
Pakcoin (PAK),0.007748
SixEleven (611),0.321165
DaxxCoin (DAXX),0.000713
DROXNE (DRXNE),0.006596
300 Token (300),801.87
Coinonat (CXT),0.013664
PlatinumBAR (XPTX),1.24
Cryptonite (XCN),0.001425
StarCredits (STRC),0.230952
PayCoin (XPY),0.035787
Octanox (OTX),0.035636
CacheCoin (CACH),0.028899
TagCoin (TAG),0.091851
Bankcoin (B@),0.015768
Kronecoin (KRONE),0.010958
SecureCoin (SRC),0.031470
HempCoin (HMP),0.000089
AnarchistsPrime (ACP),0.004656
Joulecoin (XJO),0.010876
Ethereum Dark (ETHD),0.094880
DAO.Casino (BET),0.026778
CryptoCarbon (CCRB),0.187328
Starta (STA),0.523690
Equal (EQL),0.002273
FUNCoin (FUNC),0.018115
Authorship (ATS),0.009432
Ultimate Secure Cash (USC),0.047317
Evil Coin (EVIL),0.011446
MojoCoin (MOJO),0.035264
PeepCoin (PCN),0.000088
Polcoin (PLC),0.002227
Gapcoin (GAP),0.022361
eBitcoinCash (EBCH),0.055532
VoteCoin (VOT),0.021490
bitqy (BQ),0.004181
StrongHands (SHND),3.6e-07
BitBoost (BBT),0.151451
42-coin (42),32042.10
Cypher (CYP),0.046950
Xios (XIOS),0.098415
Ratecoin (XRA),0.002760
Bitpark Coin (BPC),0.011047
SecretCoin (SCRT),0.033319
CarTaxi Token (CTX),0.007214
Dashcoin (DSH),0.024127
Cryptojacks (CJ),0.001235
Golfcoin (GOLF),0.000267
InsaneCoin (INSN),0.043489
GlassCoin (GLS),0.039644
BnrtxCoin (BNX),0.001960
E-coin (ECN),12.41
PlusCoin (PLC),0.000129
Impact (IMX),0.002138
18675
NetCoin (NET),0.001069
Kolion (KLN),1.46
Datacoin (DTC),0.008553
Aricoin (ARI),0.002049
IrishCoin (IRL),0.011765
Marijuanacoin (MAR),0.055681
MustangCoin (MST),0.256181
TOKYO (TOKC),0.002223
FuckToken (FUCK),0.017533
DraftCoin (DFT),0.120152
Motocoin (MOTO),0.021389
LeaCoin (LEA),0.001718
VapersCoin (VPRC),0.000176
WomenCoin (WOMEN),0.000446
Dalecoin (DALC),0.227414
Coin(O) (CNO),0.003118
SwagBucks (BUCKS),1.30
Soma (SCT),0.163389
Global Tour Coin (GTC),0.006147
Shorty (SHORTY),0.013452
ChessCoin (CHESS),0.005518
MUSE (MUSE),0.876417
Carboncoin (CARBON),0.000176
HOdlcoin (HODL),0.003564
SmileyCoin (SMLY),0.000075
Elacoin (ELC),0.291944
Ride My Car (RIDE),0.000980
Slevin (SLEVIN),0.000891
LiteBar (LTB),0.224237
Bitcoin 21 (XBTC21),0.177020
Yacoin (YAC),0.001425
Tokugawa (TOK),0.329718
REAL (REAL),0.396184
YENTEN (YTN),0.019230
RedCoin (RED),0.003118
Piggycoin (PIGGY),0.001693
Sterlingcoin (SLG),0.066389
Visio (VISIO),0.005078
KushCoin (KUSH),0.068597
Phoenixcoin (PXC),0.007038
Netko (NETKO),0.193682
Qbic (QBIC),0.472021
Firecoin (FIRE),1.57
BitAsean (BAS),0.017852
HoboNickels (HBN),0.012561
Cabbage (CAB),0.020490
Fantomcoin (FCN),0.124724
ShadowCash (SDC),0.146373
RonPaulCoin (RPC),0.457448
Bitsum (BSM),0.000806
EthBet (EBET),0.067379
Coupecoin (COUPE),0.000043
Allion (ALL),0.017915
ChanCoin (CHAN),0.037969
HiCoin (XHI),0.000713
RevolverCoin (XRE),0.014432
Trident Group (TRDT),0.186107
Scorecoin (SCORE),0.007038
Pluton (PLU),14.51
HealthyWormCoin (WORM),0.000702
Ccore (CCO),0.192539
Nekonium (NUKO),0.018263
Goodomy (GOOD),0.005798
Ethbits (ETBS),0.927309
Fastcoin (FST),0.003564
BROTHER (BRAT),0.000713
Suretly (SUR),3.25
GoldPieces (GP),0.081221
SoonCoin (SOON),0.009354
Master Swiscoin (MSCN),0.001297
Quatloo (QTL),0.022361
Artex Coin (ATX),0.002757
iTicoin (ITI),14.22
QuazarCoin (QCN),0.008909
Flaxscript (FLAX),0.024856
GlobalCoin (GLC),0.003118
Minereum (MNE),0.234873
ARbit (ARB),0.005434
HitCoin (HTC),0.000089
Xenon (XNN),0.013245
TAGRcoin (TAGR),0.000980
Etheriya (RIYA),0.490811
BoostCoin (BOST),0.019778
RSGPcoin (RSGP),16.32
FuzzBalls (FUZZ),0.018297
Save and Gain (SANDG),0.006250
Centurion (CNT),0.005644
Anoncoin (ANC),0.890799
Truckcoin (TRK),0.002049
PayCon (CON),0.005815
Creatio (XCRE),0.006058
HarmonyCoin (HMC),0.006131
bitGold (BITGOLD),1615.78
SproutsExtreme (SPEX),0.000089
ParallelCoin (DUO),0.482431
Chronos (CRX),0.003952
Bitz (BITZ),0.162231
Bolivarcoin (BOLI),0.027702
Phantomx (PNX),0.011550
SocialCoin (SOCC),0.008374
Valorbit (VAL),0.000089
Pioneer Coin (PCOIN),0.043564
Bowhead (AHT),0.157201
Iconic (ICON),0.086117
Madcoin (MDC),0.054637
SongCoin (SONG),0.002411
LevoPlus (LVPS),0.001336
PureVidz (VIDZ),0.003261
JobsCoin (JOBS),0.000178
Tristar Coin (TSTR),0.000445
LeafCoin (LEAF),0.000089
Blackstar (BSTAR),0.000178
Jin Coin (JIN),0.017016
Credence Coin (CRDNC),0.012351
Honey (HONEY),0.330202
Masternodecoin (MTNC),0.050781
Freicoin (FRC),0.008107
IslaCoin (ISL),0.298982
SydPak (SDP),0.169714
Comet (CMT),0.111639
MetalCoin (METAL),0.012561
BumbaCoin (BUMBA),0.006058
Fujinto (NTO),0.003197
Speedcash (SCS),0.606990
Sojourn (SOJ),0.178178
Zonecoin (ZNE),0.013809
8Bit (8BIT),0.249538
Kayicoin (KAYI),0.000460
Trollcoin (TROLL),0.001336
Theresa May Coin (MAY),0.004390
Useless Ethereum Token (UET),0.013389
BriaCoin (BRIA),0.271500
Eternity (ENT),0.055057
Quark (QRK),0.014521
WaykiChain (WICC),0.866295
Philosopher Stones (PHS),0.053453
Mincoin (MNC),0.013898
NevaCoin (NEVA),0.106733
Credo (CREDO),0.020841
Elysium (ELS),0.002762
BigUp (BIGUP),0.000253
Virtacoinplus (XVP),0.004638
Shilling (SH),0.011582
PizzaCoin (PIZZA),0.001782
Evotion (EVO),0.042055
BitQuark (BTQ),0.015145
BitCoal (COAL),0.023939
Elcoin (EL),0.036426
Eurocoin (EUC),0.008933
I0Coin (I0C),0.043653
Pascal Lite (PASL),0.049533
The Cypherfunks (FUNK),0.000039
Maggie (MAG),0.020932
LightChain (LIGHT),0.001971
CoinMeet (MEET),0.066841
GBCGoldCoin (GBC),0.002320
SnipCoin (SNIP),0.001588
Coimatic 3.0 (CTIC3),0.007751
CompuCoin (CPN),0.004900
Dreamcoin (DRM),0.016749
Tigercoin (TGC),0.008374
Marscoin (MARS),0.010067
Animation Vision Cash (AVH),0.008150
Monero Classic (XMC),7.89
BillaryCoin (BLRY),0.009533
DAPPSTER (DLISK),0.000356
NuShares (NSR),0.000268
Independent Money System (IMS),0.031928
COMSA [ETH] (CMS),0.583065
MarteXcoin (MXT),0.770651
EncryptoTel [WAVES] (ETT),0.057221
C-Bit (XCT),0.001239
Advanced Internet Blocks (AIB),0.007046
Show (SHOW),0.004523
Cashcoin (CASH),0.006682
BioBar (BIOB),0.019599
PLNcoin (PLNC),0.001425
Gold Pressed Latinum (GPL),0.290251
GAIA (GAIA),0.022094
Noah Coin (NOAH),0.008934
FundYourselfNow (FYN),2.01
Bitcoin Planet (BTPL),0.018505
PIECoin (PIE),0.003729
Ripto Bux (RBX),0.000131
ODEM (ODE),0.099202
Daneel (DAN),0.032165
KiloCoin (KLC),0.049979
Selfiecoin (SLFI),0.000089
WCOIN (WIN),0.089673
Pulse (PULSE),0.004187
Catcoin (CAT),0.026727
Bubble (BUB),0.025301
Darsek (KED),0.012561
UniCoin (UNIC),0.403483
Steps (STEPS),0.001871
Huncoin (HNC),0.001604
Aseancoin (ASN),0.026103
ClubCoin (CLUB),0.445801
Virta Unique Coin (VUC),0.001786
Lightning Bitcoin [Futures] (LBTC),45.73
Zurcoin (ZUR),0.002227
Arbitracoin (ATC),0.347179
First Bitcoin Capital (BITCF),0.146609
U Network (UUU),0.003504
FairGame (FAIR),0.041067
FuturXe (FXE),0.008642
Triaconta (TRIA),9.24
AllSafe (ASAFE2),0.010376
Swing (SWING),0.069569
CyberVein (CVT),0.055757
OFCOIN (OF),0.001933
Akuya Coin (AKY),0.003474
Metal Music Coin (MTLMC3),0.001158
ParkByte (PKB),0.027885
Rawcoin (XRC),0.024614
OsmiumCoin (OS76),0.026727
Litecred (LTCR),0.001336
United Traders Token (UTT),0.443332
Auctus (AUC),0.767012

Veltor (VLT),0.087931
Network Token (NTWK),0.006376
STEX (STEX),1.44
Sharkcoin (SAK),0.002363
NamoCoin (NAMO),0.000267
StrikeBitClub (SBC),0.003831
Bitstar (BITS),0.052206
WARP (WARP),0.054522
W3Coin (W3C),0.000100
P7Coin (P7C),0.000267
GrandCoin (GDC),0.000356
VirtualCoin (VC),0.016848
CryptoWorldX Token (CWXT),0.000535
HODL Bucks (HDLB),0.075013
BigONE Token (BIG),1.71
Abjcoin (ABJ),0.023247
Enigma (XNG),0.138711
Swisscoin (SIC),0.000624
President Johnson (GARY),0.078309
netBit (NBIT),0.010334
Debitcoin (DBTC),0.004709
Etherecash (ECH),0.348899
Ebittree Coin (EBT),0.000713
High Gain (HIGH),0.000535
FlappyCoin (FLAP),0.000011
T-coin (TCOIN),0.000178
Sentinel (SENT),0.014637
WINCOIN (WC),0.733914
Cubits (QBT),0.003920
XTD Coin (XTD),0.000178
Consensus (SEN),0.026782
GOLD Reward Token (GRX),0.012598
VectorAI (VEC2),0.002316
Jewels (JWL),0.002405
PosEx (PEX),0.009711
Monero Original (XMO),4.61
Acute Angle Cloud (AAC),0.120126
Levocoin (LEVO),0.001425
BenjiRolls (BENJI),0.004527
iBank (IBANK),0.003296
United Bitcoin (UBTC),14.94
WETH (WETH),629.23
EagleCoin (EAGLE),0.032461
Cashme (CME),0.000267
Signal Token (SIG),0.029883
Bitbase (BTBc),0.001158
SuperNET (UNITY),120.98
Destiny (DES),0.019867
Minex (MINEX),0.015171
Pirate Blocks (SKULL),0.002761
Bitcedi (BXC),0.010334
Project-X (NANOX),"119,500"
NumusCash (NUMUS),0.000267
SJWCoin (SJW),0.000802

EA Coin (EAG),0.028067
CyberCoin (CC),0.000178
POLY AI (AI),0.000267
Californium (CF),0.034388
Escroco (ESC),0.170605
CommerceBlock (CBT),0.062458
Magnetcoin (MAGN),0.168022
Infinitecoin (IFC),0.000099
Zilbercoin (ZBC),0.033443
GameChain System (GCS),0.008220
Dashs (DASHS),0.038665
Fargocoin (FRGC),8.96
RoyalCoin (ROYAL),0.005345
UR (UR),0.001247
CoffeeCoin (CFC),0.001960
Regacoin (REGA),0.001247
TokenDesk (TDS),0.491518
Zayedcoin (ZYD),0.009087
Cloud (CLD),0.061517
Dutch Coin (DUTCH),0.000713
eREAL (EREAL),0.000446
ValueChain (VLC),0.079059
MindCoin (MND),0.002940
Neurotoken (NTK),0.598727
BowsCoin (BSC),0.015056
Jingtum Tech (SWTC),0.006313
LetItRide (LIR),0.001069
AWARE (AWR),0.025303
Farstcoin (FRCT),?
Lazaruscoin (LAZ),0.000980
SafeCoin (SFE),0.000089
Asiadigicoin (ADCN),0.002572
SHACoin (SHA),0.001425
Concoin (CONX),0.019599
Karmacoin (KARMA),0.000089
UGAIN (GAIN),0.002494
Cthulhu Offerings (OFF),0.011938
Qube (QUBE),0.038582
WA Space (WA),0.010869
Gems  (GEM),0.029441
RealChain (RCT),0.048414
Joincoin (J),0.029667
Coimatic 2.0 (CTIC2),0.000445
GoldMaxCoin (GMX),0.001206
Animecoin (ANI),0.010691
Bitcoin God (GOD),36.61
Torcoin (TOR),0.072768
Peculium (PCL),0.004152

ACChain (ACC),0.401791
CK USD (CKUSD),0.984668
WeAreSatoshi (WSX),0.004900
TopCoin (TOP),0.001604
ExchangeN (EXN),0.008909
TurboCoin (TURBO),0.000178
BelugaPay (BBI),0.720898
PonziCoin (PONZI),0.065124
Pabyosi Coin (Special) (PCS),0.130782
Indicoin (INDI),0.011582
BiosCrypto (BIOS),0.001871
BnkToTheFuture (BFT),0.195128
DarkLisk (DISK),0.001158
Budbo (BUBO),0.075883
ZoZoCoin (ZZC),0.138088
Hyper Pay (HPY),0.032189
Fonziecoin (FONZ),0.001158
Smoke (SMOKE),0.067072
Stellite (XTL),0.001406
Avoncoin (ACN),0.000445
PlayerCoin (PLACO),0.000891
Birds (BIRDS),0.000356
VPNCoin (VASH),0.003349
Lendroid Support Token (LST),0.011604
Vulcano (VULC),0.001455
Nitro (NOX),0.090859
UnlimitedIP (UIP),0.033930
PRCoin (PRC),0.001069
GreenMed (GRMD),0.164484
Apex (CPX),0.227323
NodeCoin (NODC),0.008018
Magnum (MGM),0.001336
Huobi Token (HT),2.03
Digital Rupees (DRS),0.000178
Royalties (XRY),0.000173
BTCMoon (BTCM),0.006059
PlexCoin (PLX),0.018469
Slothcoin (SLOTH),0.000025
X2 (X2),0.000356
Read (READ),0.023088
LiteCoin Ultra (LTCU),0.043558
TheCreed (TCR),0.000356
ATMCoin (ATMC),2.79
PoSToken (POS),0.055235
BatCoin (BAT),0.000089
Cyder (CYDER),0.002049
EncryptoTel [ETH] (ETT),0.049321
JavaScript Token (JS),0.008018
Dragon Coins (DRG),0.708114
Exchange Union (XUC),7.17
MiloCoin (MILO),0.003564
Filecoin [Futures] (FIL),14.64
TimesCoin (TMC),0.650958
CORION (COR),0.356355
ImpulseCoin (IMPS),0.001481
Vault Coin (VLTC),0.000178
Francs (FRN),0.070711
Ethereum Lite (ELITE),0.316533
Opescoin (OPES),0.002316
TerraNova (TER),8.94
Aces (ACES),0.000315
Bitvolt (VOLT),0.001247
Storjcoin X (SJCX),0.910230
Content and AD Network (CAN),0.021156
Vice Industry Token (VIT),0.031026
EggCoin (EGG),0.027409
GeyserCoin (GSR),0.283303
Candy (CANDY),0.000319
SISA (SISA),0.008909
Harvest Masternode Coin (HC),0.215150
India Coin (INDIA),0.000980
PayPeer (PAYP),0.000089
StockChain (SCC),0.053195
SyncFab (MFG),0.050938
Hyper (HYPER),0.020401
SegWit2x (B2X),1.75
Tattoocoin (Limited Edition) (TLE),6.24
BipCoin (BIP),0.039199
6
MarxCoin (MARX),0.002042

Printerium (PRX),0.004571
Fazzcoin (FAZZ),0.005345
BlockCDN (BCDN),0.052906
GAY Money (GAY),0.021470
Macro (MCR),0.443641
Titanium BAR (TBAR),0.295933
iQuant (IQT),0.062770
KingN Coin (KNC),22.27
Tokenomy (TEN),0.310398
BOAT (BOAT),0.002049
Wild Beast Block (WBB),0.163389
Donationcoin (DON),0.001069
NEO GOLD (NEOG),0.003474
AvatarCoin (AV),0.186641
Ulatech (ULA),0.023787
Argus (ARGUS),0.016869
Runners (RUNNERS),0.000535
Qora (QORA),0.541680
Kcash (KCASH),0.143809
ZSEcoin (ZSE),0.016392
RubleBit (RUBIT),0.004544
BT2 [CST] (BT2),53.45
Molecular Future (MOF),0.325690
Sparks (SPK),0.052705
Digital Credits (DGCS),0.000535
BitSoar (BSR),0.000891
AdHive (ADH),0.083720
COMSA [XEM] (CMS),0.595365
AMLT Token (AMLT),0.037353
FutCoin (FUTC),0.003296
MobileCash (MBL),0.000356
TopChain (TOPC),0.039008
DATx (DATX),0.027367
Infinity Economics (XIN),0.010429
BestChain (BEST),0.003956
VIP Tokens (VIP),0.000624
Golos Gold (GBG),0.075183
Alphabit (ABC),58.67
President Trump (PRES),0.015524
AlpaCoin (APC),0.004900
DeltaCredits (DCRE),0.201341
Electronic PK Chain (EPC),0.064567
Operand (OP),0.001782
Quotient (XQN),0.004722
First Bitcoin (BIT),0.031805
CrevaCoin (CREVA),0.000353
Happy Creator Coin (HCC),0.000088
Uro (URO),0.052830
Compcoin (CMP),9.80
KlondikeCoin (KDC),0.013274
EtherDelta Token (EDT),0.007970
LePen (LEPEN),0.000089
ChatCoin (CHAT),0.151527
Moneta (MONETA),0.000356
SONO (SONO),0.534800
MSD (MSD),0.027396
StarChain (STC),0.043784
Cycling Coin (CYC),0.001247
BetaCoin (BET),0.003891
Titanium Blockchain (BAR),0.007786
TeslaCoilCoin (TESLA),1.17
Wi Coin (WIC),0.001202
InvestDigital (IDT),0.052066
BlazerCoin (BLAZR),0.003494
MktCoin (MLM),0.026234
CryptopiaFeeShares (CEFS),1696.77
OceanChain (OC),0.004833
Omicron (OMC),0.198867
BrahmaOS (BRM),0.114762
RabbitCoin (RBBT),0.000021
Musiconomi (MCI),0.042317
SelfSell (SSC),0.066493
SportsCoin (SPORT),0.001515
PokeCoin (POKE),0.000178
Axiom (AXIOM),0.012561
Aidos Kuneen (ADK),16.93
Granite (GRN),0.010691
ANRYZE (RYZ),0.004187
PrismChain (PRM),0.001247
BitRent (RNTB),0.064140
Sakuracoin (SKR),0.003118
Super Bitcoin (SBTC),14.04
EmberCoin (EMB),0.000001
Bitok (BITOK),0.000089
ZenGold (ZENGOLD),0.020635
IPChain (IPC),0.564101
Primulon (PRIMU),0.000354
CFun (CFUN),0.013454
ShellCoin (SHELL),0.036348
ENTCash (ENT),0.029781
EDRCoin (EDRC),0.095763
eosDAC (EOSDAC),0.094107
LinkedCoin (LKC),0.000267
Curriculum Vitae (CVH),0.047053
Tellurion (TELL),0.000442
Sphre AIR  (XID),0.158131
CryptCoin (CRYPT),0.117826
DavorCoin (DAV),0.009087
Superior Coin (SUP),0.001884
Wink (WINK),0.000578
RichCoin (RICHX),0.005880
TrickyCoin (TRICK),0.009622
BitSerial (BTE),0.010969
PressOne (PRS),0.225059
Safe Trade Coin (XSTC),0.001693
Halloween Coin (HALLO),0.000550
MOAC (MOAC),9.01
OX Fina (OX),0.000518
KashhCoin (KASHH),0.000089
HalalChain (HLC),0.250449
FAPcoin (FAP),0.000891
BitcoinX (BCX),0.015011
Bastonet (BSN),0.001069
Antimatter (ANTX),0.000267
MergeCoin (MGC),0.199032
Digital Bullion Gold (DBG),0.001960
UNCoin (UNC),0.000089
LandCoin (LDCN),0.003118
Tezos (Pre-Launch) (XTZ),3.05
Internet of Things (XOT),1136.75
Friendz (FDZ),0.023592
International Diamond (XID),0.004949
UniversalRoyalCoin (UNRC),0.000446
Protean (PRN),0.000028
GameLeagueCoin (GML),0.012561
Fluz Fluz (FLUZ),0.076633
TechShares (THS),0.417018
SIGMAcoin (SIGMA),0.011753
RHFCoin (RHFC),0.000497
Topaz Coin (TOPAZ),0.281521
Rcoin (RCN),0.000089
TodayCoin (TODAY),0.000713
FrankyWillCoin (FRWC),0.003029
BITFID (FID),0.033599
Cheapcoin (CHEAP),0.000620
Bitcoin,8321.17
Ethereum (ETH),706.93
Ripple (XRP),0.683960
Bitcoin Cash (BCH),1189.13
EOS (EOS),13.15
Litecoin (LTC),136.82
Cardano (ADA),0.245919
Stellar (XLM),0.324694
IOTA (MIOTA),1.79
TRON (TRX),0.069674
NEO (NEO),60.13
Dash (DASH),398.76
Monero (XMR),200.32
NEM (XEM),0.311500
Tether (USDT),1.00
VeChain (VEN),4.40
Ethereum Classic (ETC),17.90
Bytecoin (BCN),0.009068
Binance Coin (BNB),14.43
Qtum (QTUM),16.09
Zcash (ZEC),354.05
ICON (ICX),3.57
OmiseGO (OMG),12.71
Lisk (LSK),10.67
Zilliqa (ZIL),0.138578
Bitcoin Gold (BTG),53.65
Aeternity (AE),3.86
Verge (XVG),0.053830
Ontology (ONT),7.03
Steem (STEEM),3.05
Nano (NANO),5.60
Decred (DCR),104.33
0x (ZRX),1.34
Populous (PPT),18.62
BitShares (BTS),0.262035
Siacoin (SC),0.019280
Wanchain (WAN),6.04
Bytom (BTM),0.615186
Waves (WAVES),6.04
Augur (REP),54.09
RChain (RHOC),1.60
Stratis (STRAT),5.81
Bitcoin Diamond (BCD),3.69
Maker (MKR),905.30
Dogecoin (DOGE),0.004116
Bitcoin Private (BTCP),22.34
Golem (GNT),0.519782
IOStoken (IOST),0.050300
Status (SNT),0.115973
Hshare (HSR),9.13
Aion (AION),2.61
DigixDAO (DGD),194.81
DigiByte (DGB),0.037038
Waltonchain (WTC),12.23
Loopring (LRC),0.642063
Basic Attention Token (BAT),0.351862
Mixin (XIN),811.73
aelf (ELF),1.37
WaykiChain (WICC),2.33
Komodo (KMD),3.26
Nebulas (NAS),7.25
Ark (ARK),3.16
Ardor (ARDR),0.303416
Dentacoin (DCN),0.000877
Loom Network (LOOM),0.485226
PIVX (PIVX),4.80
Polymath (POLY),0.948175
Fusion (FSN),8.69
Cortex (CTXC),1.69
Bancor (BNT),4.76
Kyber Network (KNC),1.84
FunFair (FUN),0.048908
Huobi Token (HT),4.69
Elastos (ELA),44.47
Gas (GAS),22.72
Syscoin (SYS),0.428782
Mithril (MITH),0.743737
Ethos (ETHOS),2.91
Cryptonex (CNX),4.88
MonaCoin (MONA),3.69
ReddCoin (RDD),0.007561
GXChain (GXS),3.55
Skycoin (SKY),23.32
Substratum (SUB),0.548803
QASH (QASH),0.595801
Centrality (CENNZ),0.268504
Veritaseum (VERI),94.36
CyberMiles (CMT),0.287930
Storm (STORM),0.044241
Dragonchain (DRGN),0.763900
Enigma (ENG),2.39
Kin (KIN),0.000233
Nuls (NULS),4.34
ZCoin (XZC),36.22
iExec RLC (RLC),2.14
SALT (SALT),2.82
Matrix AI Network (MAN),1.13
Nxt (NXT),0.161731
Electroneum (ETN),0.023013
ChainLink (LINK),0.459629
Gifto (GTO),0.304182
WAX (WAX),0.254028
MaidSafeCoin (MAID),0.349783
Power Ledger (POWR),0.414967
Holo (HOT),0.001162
Revain (R),0.823208
DeepBrain Chain (DBC),0.099499
Monaco (MCO),9.38
Factom (FCT),16.87
Paypex (PAYX),2.08
Theta Token (THETA),0.225301
True Chain (TRUE),3.00
Neblio (NEBL),10.60
TenX (PAY),1.28
Nucleus Vision (NCASH),0.033149
All Sports (SOC),0.183321
BnkToTheFuture (BFT),0.215336
Nexo (NEXO),0.240134
Quantstamp (QSP),0.214316
Byteball Bytes (GBYTE),205.63
Emercoin (EMC),3.13
Request Network (REQ),0.187337
Decentraland (MANA),0.122476
Achain (ACT),0.251849
BitcoinDark (BTCD),92.75
Bottos (BTO),0.248381
Storj (STORJ),0.863802
Dropil (DROP),0.006161
Scry.info (DDD),0.386739
Bibox Token (BIX),1.11
Arcblock (ABT),1.23
Iconomi (ICN),1.15
Credits (CS),0.803673
SmartCash (SMART),0.113679
Cindicator (CND),0.077128
Particl (PART),12.41
Asch (XAS),1.19
Nexus (NXS),1.93
ZenCash (ZEN),28.43
IHT Real Estate Protocol (IHT),0.221416
Time New Bank (TNB),0.046587
Civic (CVC),0.313056
POA Network (POA),0.525286
Aragon (ANT),4.02
Enjin Coin (ENJ),0.137588
Game.com (GTC),0.170472
High Performance Blockchain (HPB),3.39
Delphy (DPY),2.52
Gnosis (GNO),90.63
Vertcoin (VTC),2.26
SONM (SNM),0.273983
SmartMesh (SMT),0.068587
SophiaTX (SPHTX),0.502474
Blocknet (BLOCK),18.60
Ruff (RUFF),0.100266
DEW (DEW),0.887896
Ignis (IGNIS),0.119036
Bluzelle (BLZ),0.508589
SingularityNET (AGI),0.169090
Metal (MTL),3.70
DigitalNote (XDN),0.012918
Ink (INK),0.190999
Dent (DENT),0.008279
Genaro Network (GNX),0.360439
BOScoin (BOS),0.195293
Raiden Network Token (RDN),1.73
GameCredits (GAME),1.33
SIRIN LABS Token (SRN),0.372178
THEKEY (TKY),0.018046
Santiment Network Token (SAN),1.33
Po.et (POE),0.036410
Apex (CPX),0.198038
Groestlcoin (GRS),1.16
DATA (DTA),0.017400
Experience Points (XP),0.000349
Jibrel Network (JNT),0.523911
BridgeCoin (BCO),2.89
TokenPay (TPAY),5.04
OriginTrail (TRAC),0.283725
Ubiq (UBQ),1.82
Dynamic Trading Rights (DTR),0.062284
Crypterium (CRPT),0.952457
Litecoin Cash (LCC),0.128498
TomoChain (TOMO),1.32
Genesis Vision (GVT),19.19
Red Pulse (RPX),0.085202
Cube (AUTO),0.010894
MediBloc (MED),0.022827
Streamr DATAcoin (DATA),0.099913
Ambrosus (AMB),0.464408
Zebi (ZCO),0.144045
NavCoin (NAV),1.06
Zeepin (ZPT),0.074862
Peercoin (PPC),2.66
Lympo (LYM),0.094429
ETHLend (LEND),0.058597
Bitcore (BTX),4.08
CyberVein (CVT),0.070462
CRYPTO20 (C20),1.54
IoT Chain (ITC),1.23
BLOCKv (VEE),0.039411
PayPie (PPP),0.712672
OST (OST),0.181490
Primecoin (XPM),2.46
AdEx (ADX),0.789327
CloakCoin (CLOAK),11.21
Bread (BRD),0.643635
EDUCare (EKT),0.159059
Ripio Credit Network (RCN),0.116543
Rock (RKT),0.181281
Republic Protocol (REN),0.117091
Telcoin (TEL),0.001907
Banca (BANCA),0.004756
Electra (ECA),0.002160
ZClassic (ZCL),13.83
Pillar (PLR),0.240124
AirSwap (AST),0.354035
DAEX (DAX),0.146194
MediShares (MDS),0.099464
district0x (DNT),0.086968
Eidoo (EDO),1.78
Primas (PST),1.02
DATx (DATX),0.040069
BitBay (BAY),0.050659
Oyster (PRL),0.653182
Einsteinium (EMC2),0.233677
Trinity Network Credit (TNC),0.151990
Quantum Resistant Ledger (QRL),0.957295
SingularDTV (SNGLS),0.082821
Burst (BURST),0.024973
Hydro Protocol (HOT),0.068168
BABB (BAX),0.002265
KuCoin Shares (KCS),4.19
Edgeless (EDG),0.561763
SaluS (SLS),45.48
Viacoin (VIA),1.98
WePower (WPR),0.103849
Bodhi (BOT),1.13
SpankChain (SPANK),0.150291
NANJCOIN (NANJ),0.002301
AppCoins (APPC),0.443901
Modum (MOD),2.42
WaBi (WABI),0.951388
MinexCoin (MNX),11.39
ION (ION),2.00
BitRent (RNTB),0.050491
Wings (WINGS),0.476961
Zoin (ZOI),2.39
Tierion (TNT),0.098332
VIBE (VIBE),0.210655
Internet Node Token (INT),0.277847
UTRUST (UTK),0.141080
INS Ecosystem (INS),1.36
HTMLCOIN (HTML),0.000615
Havven (HAV),0.654652
Electrify.Asia (ELEC),0.107380
Ravencoin (RVN),0.038286
Pura (PURA),0.224135
Wagerr (WGR),0.212088
Counterparty (XCP),14.80
DecentBet (DBET),0.306565
SelfSell (SSC),0.096691
bitCNY (BITCNY),0.159476
YEE (YEE),0.027597
Gulden (NLG),0.094621
QLINK (QLC),0.156533
KickCoin (KICK),0.080566
DECENT (DCT),0.727557
Refereum (RFR),0.015951
Soarcoin (SOAR),0.034726
Dai (DAI),0.991219
LBRY Credits (LBC),0.216425
LinkEye (LET),0.060782
Lunyr (LUN),15.38
Storiqa (STQ),0.004598
Odyssey (OCN),0.017574
NAGA (NGC),0.608966
Dock (DOCK),0.152778
CPChain (CPC),0.118797
MobileGo (MGO),0.349817
U Network (UUU),0.006036
Etherparty (FUEL),0.070209
Feathercoin (FTC),0.169432
Melon (MLN),56.92
Blox (CDT),0.051646
YOYOW (YOYOW),0.127704
MyBit Token (MYB),2.26
Olympus Labs (MOT),0.339022
TokenCard (TKN),1.37
TaaS (TAAS),4.04
Tokenomy (TEN),0.263001
QunQun (QUN),0.040621
Datum (DAT),0.036966
TokenClub (TCT),0.067182
Datawallet (DXT),0.082947
Triggers (TRIG),1.01
BlockMason Credit Protocol (BCPT),0.446574
Viberate (VIB),0.188408
Presearch (PRE),0.214797
ColossusXT (COLX),0.002915
Steem Dollars (SBD),2.26
Safe Exchange Coin (SAFEX),0.020208
WhiteCoin (XWC),0.122268
Proxeus (XES),0.155293
Universa (UTNP),0.017191
Aeon (AEON),1.93
Namecoin (NMC),2.07
Spectre.ai Dividend Token (SXDT),0.371522
Mobius (MOBI),0.079714
Sentinel Chain (SENC),0.148479
Metaverse ETP (ETP),0.830566
FirstBlood (1ST),0.340210
Cobinhood (COB),0.079938
Trade Token (TIO),0.321847
Lamden (TAU),0.202076
Medicalchain (MTN),0.151905
Shift (SHIFT),2.30
Elastic (XEL),0.304247
Legolas Exchange (LGO),0.230957
Unikoin Gold (UKG),0.194818
Sentinel (SENT),0.014427
CoinPoker (CHP),0.110489
DAOstack (GEN),0.812522
CasinoCoin (CSC),0.000754
STK (STK),0.079306
ECC (ECC),0.001080
SunContract (SNC),0.225579
Bloom (BLT),0.563461
StakeNet (XSN),0.409525
Neurotoken (NTK),0.328770
DeepOnion (ONION),1.74
SwftCoin (SWFTC),0.015007
Humaniq (HMQ),0.159472
Cofound.it (CFI),0.079327
Bitcoin Green (BITG),8.05
Hydrogen (HYDRO),0.008743
Bitcoin Atom (BCA),1.39
ugChain (UGC),0.043795
Unobtanium (UNO),125.97
adToken (ADT),0.041539
Stox (STX),0.573031
Propy (PRO),1.27
XTRABYTES (XBY),0.057345
ODEM (ODE),0.137925
Bankex (BKX),0.340837
Dimecoin (DIME),0.000044
Zeusshield (ZSC),0.020488
PotCoin (POT),0.105049
Qbao (QBT),0.348986
Everex (EVX),1.39
MUSE (MUSE),1.57
Synereo (AMP),0.226162
Mothership (MSP),0.161247
Hexx (HXX),13.91
Agrello (DLT),0.260982
iXledger (IXT),0.623529
COSS (COSS),0.187981
ProChain (PRA),0.443767
AI Doctor (AIDOC),0.049266
Bean Cash (BITB),0.008612
UpToken (UP),0.153037
Decision Token (HST),0.675861
Energo (TSL),0.032274
Hive Project (HVN),0.057450
Monetha (MTH),0.098937
Fortuna (FOTA),0.052594
Phore (PHR),1.64
Mercury (MER),0.208755
SpaceChain (SPC),0.039794
I/O Coin (IOC),1.22
Peerplays (PPY),5.20
Lykke (LKK),0.065969
Flash (FLASH),0.022822
OracleChain (OCT),0.683754
MedicCoin (MEDIC),0.112077
BlackCoin (BLK),0.266530
SHIELD (XSH),0.042780
HempCoin (THC),0.088314
LEOcoin (LEO),0.200317
Crown (CRW),1.10
AICHAIN (AIT),0.035625
indaHash (IDH),0.049883
ShipChain (SHIP),0.112921
Pepe Cash (PEPECASH),0.028062
Boolberry (BBR),1.70
Matchpool (GUP),0.259867
DMarket (DMT),0.386523
Grid+ (GRID),0.495335
Alphacat (ACAT),0.006965
DADI (DADI),0.244962
FairCoin (FAIR),0.357915
XinFin Network (XDCE),0.005238
Moeda Loyalty Points (MDA),0.973479
Omni (OMNI),33.77
Karma (KRM),0.010600
Blocktix (TIX),0.471502
VeriCoin (VRC),0.603271
Blackmoon (BMC),0.883126
Restart Energy MWAT (MWAT),0.044864
Selfkey (KEY),0.009691
WeTrust (TRST),0.199109
carVertical (CV),0.003172
Hi Mutual Society (HMC),0.044173
Nework (NKC),0.121834
Incent (INCNT),0.384982
Mooncoin (MOON),0.000079
DIMCOIN (DIM),0.008565
Sharder (SS),0.062032
Guaranteed Ethurance Token Extra (GETX),0.057735
PRIZM (PZM),0.967034
PACcoin ($PAC),0.004656
ATMChain (ATM),0.003717
Measurable Data Token (MDT),0.058305
GridCoin (GRC),0.044175
Tao (XTO),0.522473
Covesting (COV),0.973297
Aeron (ARN),1.30
Diamond (DMD),6.02
Blockport (BPT),0.324524
TrueUSD (TUSD),1.01
ALQO (ALQO),0.382765
Numeraire (NMR),12.38
Aurora DAO (AURA),0.162800
Ormeus Coin (ORME),0.987157
FlorinCoin (FLO),0.111126
Pascal Coin (PASC),0.787829
Cappasity (CAPP),0.036562
LATOKEN (LA),0.199902
OAX (OAX),0.642483
Hacken (HKN),3.42
Envion (EVN),0.147336
Radium (RADS),4.56
Aphelion (APH),0.433264
EchoLink (EKO),0.041952
Banyan Network (BBN),0.098357
SIBCoin (SIB),0.907978
Databits (DTB),0.677128
TE-FOOD (TFD),0.033175
E-Dinar Coin (EDR),0.017299
PolySwarm (NCT),0.010274
Divi (DIVX),2.83
Polybius (PLBT),3.79
Rentberry (BERRY),0.058422
BitClave (CAT),0.029666
SureRemit (RMT),0.029717
SolarCoin (SLR),0.346134
MonetaryUnit (MUE),0.112618
Elixir (ELIX),0.458144
RevolutionVR (RVR),0.070738
Expanse (EXP),1.83
Matryx (MTX),0.620921
OneRoot Network (RNT),0.061129
aXpire (AXP),0.054100
bitUSD (BITUSD),1.04
U.CASH (UCASH),0.007531
NewYorkCoin (NYC),0.000105
XPA (XPA),0.237053
Uquid Coin (UQC),1.34
DomRaider (DRT),0.022833
Nebula AI (NBAI),0.011525
Maecenas (ART),0.441151
Neumark (NEU),0.460155
Rivetz (RVT),0.494611
Bismuth (BIS),1.29
REBL (REBL),0.076063
LoMoCoin (LMC),0.055019
Linda (LINDA),0.001422
Rubycoin (RBY),0.499416
NoLimitCoin (NLC2),0.060318
Quantum (QAU),0.169902
Titanium BAR (TBAR),0.302263
Pareto Network (PARETO),0.051328
LUXCoin (LUX),7.10
SwissBorg (CHSB),0.021709
Bee Token (BEE),0.074726
Smartlands (SLT),2.44
Profile Utility Token (PUT),0.277554
MARK.SPACE (MRK),0.056356
Target Coin (TGT),0.012738
Myriad (XMY),0.007577
Nimiq Exchange Token (NET),1.14
Zap (ZAP),0.112291
Docademic (MTC),0.064502
bitqy (BQ),0.003782
Etheroll (DICE),1.68
LALA World (LALA),0.061021
BitSend (BSD),0.611066
Patientory (PTOY),0.167023
Rialto (XRL),0.152640
Effect.AI (EFX),0.060613
Oxycoin (OXY),0.106367
Polis (POLIS),5.37
Credo (CREDO),0.020844
Lendingblock (LND),0.021620
DeviantCoin (DEV),4.81
Cashaa (CAS),0.030223
Paragon (PRG),0.172397
Swarm (SWM),0.220643
BitDegree (BDG),0.031891
Debitum (DEB),0.059728
Clams (CLAM),3.62
ICOS (ICOS),19.46
OKCash (OK),0.149296
Swarm City (SWT),1.35
B2BX (B2B),0.563072
Musicoin (MUSIC),0.013567
Russian Miner Coin (RMC),6996.18
NeosCoin (NEOS),2.78
Morpheus Labs (MITX),0.059906
CargoX (CXO),0.081542
Insights Network (INSTAR),0.082710
Energycoin (ENRG),0.085567
GoldCoin (GLD),0.248948
FintruX Network (FTX),0.191867
Pure (PURE),0.851962
CoinFi (COFI),0.058809
Block Array (ARY),0.147609
LockTrip (LOC),1.07
Zilla (ZLA),0.256174
Devery (EVE),0.155784
Leadcoin (LDC),0.012465
Snovio (SNOV),0.024162
PeepCoin (PCN),0.000749
Everus (EVR),0.115596
Dovu (DOVU),0.130746
SRCOIN (SRCOIN),0.001918
Fluz Fluz (FLUZ),0.047019
Auctus (AUC),0.558161
EncrypGen (DNA),0.161340
Bulwark (BWK),1.29
ATN (ATN),0.449746
FoldingCoin (FLDC),0.015838
Hubii Network (HBT),0.699770
JET8 (J8T),0.028125
Nexium (NXC),0.141147
Rise (RISE),0.075262
MktCoin (MLM),0.008474
The ChampCoin (TCC),0.056351
Playkey (PKT),0.682656
Remme (REM),0.015508
Bounty0x (BNTY),0.067142
Flixxo (FLIXX),0.120130
Leverj (LEV),0.073963
Chronobank (TIME),12.85
Stipend (SPD),1.99
AidCoin (AID),0.246282
BitTube (TUBE),0.182804
Espers (ESP),0.000416
ATBCoin (ATB),0.212653
CVCoin (CVCOIN),0.893895
Gambit (GAM),7.32
Spectrecoin (XSPEC),0.420892
PinkCoin (PINK),0.022697
Stealth (XST),0.298911
Golos (GOLOS),0.069147
GoByte (GBX),5.67
HollyWoodCoin (HWC),1.96
Ink Protocol (XNK),0.050282
NaPoleonX (NPX),0.338951
Graft (GRFT),0.033995
DubaiCoin (DBIX),3.82
BitConnect (BCC),0.890526
Aditus (ADI),0.032441
InvestFeed (IFT),0.043800
ConnectJob (CJT),0.074077
ToaCoin (TOA),0.003318
IP Exchange (IPSX),0.010328
FedoraCoin (TIPS),0.000039
Payfair (PFR),0.093374
Waves Community Token (WCT),0.816856
SportyCo (SPF),0.152958
Novacoin (NVC),3.90
Aventus (AVT),1.35
Dynamic (DYN),1.67
Xaurum (XAUR),0.063191
Mysterium (MYST),0.409621
Pandacoin (PND),0.000245
Hedge (HDG),2.12
Sphere (SPHR),2.53
Linker Coin (LNC),0.069086
ALIS (ALIS),0.200542
IDEX Membership (IDXM),3891.92
Change (CAG),0.200673
Worldcore (WRC),0.044316
CanYaCoin (CAN),0.186161
ShareX (SEXC),0.012011
Auroracoin (AUR),0.892633
adbank (ADB),0.015865
Gladius Token (GLA),0.568285
Bitcrystals (BCY),0.327451
Global Cryptocurrency (GCC),0.008791
LIFE (LIFE),0.000415
Syndicate (SYNX),0.381304
Solaris (XLR),5.83
Pluton (PLU),8.72
InsurePal (IPL),0.036655
AirToken (AIR),0.007036
Helbiz (HBZ),0.014707
Sequence (SEQ),0.158898
Curecoin (CURE),0.300597
Circuits of Value (COVAL),0.007159
GET Protocol (GET),0.672958
EXRNchain (EXRN),0.000076
Anoncoin (ANC),3.33
Publica (PBL),0.365679
Spectiv (SIG),0.024426
OBITS (OBITS),0.432198
Viuly (VIU),0.009585
EZToken (EZT),0.585171
Eroscoin (ERO),0.035988
HelloGold (HGT),0.025358
AdHive (ADH),0.063439
TransferCoin (TX),1.03
Blue Protocol (BLUE),0.179639
Haven Protocol (XHV),2.79
Mintcoin (MINT),0.000253
Kore (KORE),3.09
TrueFlip (TFL),0.998707
ClearCoin (CLR),0.007803
ArtByte (ABY),0.007822
Global Currency Reserve (GCR),0.059431
Tokes (TKS),1.85
Spectre.ai Utility Token (SXUT),0.249844
Breakout Stake (BRX),0.975054
Universal Currency (UNIT),0.435891
CommerceBlock (CBT),0.036937
APX (APX),8.45
BunnyCoin (BUN),0.000060
ClearPoll (POLL),0.824257
Opus (OPT),0.041618
BitDice (CSNO),0.083236
HOQU (HQX),0.038829
CHIPS (CHIPS),0.269441
Internet of People (IOP),1.59
BitStation (BSTN),0.002267
Gatcoin (GAT),0.010571
Dero (DERO),2.50
GeoCoin (GEO),1.75
Dether (DTH),0.076410
Goodomy (GOOD),0.011765
DAO.Casino (BET),0.031088
Bitcoin Plus (XBC),49.00
FidentiaX (FDX),0.054510
Dotcoin (DOT),0.017813
Sprouts (SPRTS),5.8e-07
Peculium (PCL),0.005389
Cryptopay (CPAY),0.077838
Starbase (STAR),0.027979
HyperStake (HYP),0.004254
Monoeci (XMCC),0.884666
Ixcoin (IXC),0.246460
Pesetacoin (PTC),0.037927
Open Trading Network (OTN),2.65
AdShares (ADST),0.259955
HEAT (HEAT),0.147607
Pirl (PIRL),0.411091
Sether (SETH),0.287598
ATLANT (ATL),0.132214
1World (1WO),0.241837
AMLT Token (AMLT),0.058522
Memetic / PepeCoin (MEME),0.216917
Bitmark (BTM),0.558354
B3Coin (KB3),0.006633
ExclusiveCoin (EXCL),1.06
Qwark (QWARK),0.085237
BuzzCoin (BUZZ),0.000167
BitcoinZ (BTCZ),0.002608
Terracoin (TRC),0.206001
Voise (VOISE),0.009058
EuropeCoin (ERC),0.465725
2GIVE (2GIVE),0.008881
DopeCoin (DOPE),0.039399
Education Ecosystem (LEDU),0.021150
NuBits (USNBT),0.442510
Travelflex (TRF),0.057802
vTorrent (VTR),0.392224
Internxt (INXT),7.13
BlockCAT (CAT),0.608729
Bitcloud (BTDX),0.196540
Astro (ASTRO),1.34
Sumokoin (SUMO),1.58
Neutron (NTRN),0.123216
DigiPulse (DGPT),1.94
MyWish (WISH),0.240344
eBoost (EBST),0.222832
CryptoPing (PING),0.429906
Parkgene (GENE),0.015483
Hush (HUSH),1.08
HEROcoin (PLAY),0.035040
Zeitcoin (ZEIT),0.000105
BioCoin (BIO),0.006656
LOCIcoin (LOCI),0.113310
Jiyo (JIYO),0.139204
Autonio (NIO),0.060077
Sharpe Platform Token (SHP),0.241068
VeriumReserve (VRM),2.46
Zephyr (ZEPH),0.031515
Verify (CRED),0.293736
Denarius (DNR),1.36
Tracto (TRCT),0.144752
Monkey Project (MONK),3.35
Chainium (CHX),0.066820
DCORP (DRP),0.465225
Hackspace Capital (HAC),0.011586
Crave (CRAVE),0.231427
STRAKS (STAK),0.875635
Riecoin (RIC),0.085570
Privatix (PRIX),3.12
COPYTRACK (CPY),0.161705
Vice Industry Token (VIT),0.015580
BlueCoin (BLU),0.006256
Bezop (BEZ),0.080905
MaxCoin (MAX),0.058169
Vezt (VZT),0.070228
Daneel (DAN),0.110556
Breakout (BRK),0.186339
Sharechain (SSS),0.001494
CannabisCoin (CANN),0.044975
Iungo (ING),0.085817
Aigang (AIX),0.178653
Sociall (SCL),0.205774
StarterCoin (STAC),0.016819
SpreadCoin (SPR),0.338630
SyncFab (MFG),0.025435
RefToken (REF),4.26
Hade Platform (HADE),0.066785
Blockpool (BPL),0.148416
TrakInvest (TRAK),0.080991
ZrCoin (ZRC),0.861182
Experty (EXY),0.119993
Ethorse (HORSE),0.031682
Creditbit (CRB),0.190502
Upfiring (UFR),0.196448
Lampix (PIX),0.023631
Commodity Ad Network (CDX),0.097686
FORCE (FOR),0.025268
vSlice (VSL),0.093145
Maverick Chain (MVC),0.031245
Bonpay (BON),0.273635
Nullex (NLX),0.075356
Altcoin (ALT),24.90
Galactrum (ORE),2.25
GoldMint (MNTP),1.57
Mercury Protocol (GMT),0.017664
Uniform Fiscal Object (UFO),0.000825
Stellite (XTL),0.001066
Live Stars (LIVE),0.075086
Karbo (KRB),0.501671
Elite (1337),0.000109
CampusCoin (CMPCO),0.007159
Social Send (SEND),0.088777
Tokenbox (TBX),0.251733
Primalbase Token (PBT),2223.43
HunterCoin (HUC),0.123777
Masari (MSR),0.512525
MicroMoney (AMM),0.261295
EverGreenCoin (EGC),0.204324
XGOX (XGOX),0.001251
Ergo (EFYT),6.57
Bitswift (SWIFT),0.683979
Sexcoin (SXC),0.020113
Magi (XMG),0.319340
Interstellar Holdings (HOLD),0.006249
Soma (SCT),0.556622
CryCash (CRC),0.563236
EtherSportz (ESZ),0.525568
Pylon Network (PYLNT),6.99
Origami (ORI),0.586440
Ace (ACE),0.264295
e-Gulden (EFL),0.144596
TrustPlus (TRUST),0.074416
Indorse Token (IND),0.064515
Hat.Exchange (HAT),1.58
Ignition (IC),3.97
Earth Token (EARTH),0.011029
TeslaCoin (TES),0.029800
BlitzPredict (XBP),0.007837
TokenStars (TEAM),0.222690
PutinCoin (PUT),0.005293
EventChain (EVC),0.066364
AudioCoin (ADC),0.002270
HireMatch (HIRE),0.063014
Rupaya (RUPX),0.090016
GCN Coin (GCN),0.000013
Zero (ZER),0.667497
TrezarCoin (TZC),0.021021
Qvolta (QVT),0.280065
ChainCoin (CHC),0.129937
Rupee (RUP),0.079533
Obsidian (ODN),0.076817
BiblePay (BBP),0.002997
United Crypto Community (UCOM),1.50
LatiumX (LATX),0.023433
LiteDoge (LDOGE),0.000122
Ethereum Movie Venture (EMV),0.282597
NEVERDIE (NDC),0.045219
Condensate (RAIN),0.009646
MarteXcoin (MXT),0.596888
Creativecoin (CREA),0.125883
BoutsPro (BOUTS),0.022266
Biotron (BTRN),0.081507
NobleCoin (NOBL),0.000749
KekCoin (KEK),0.163399
Linx (LINX),0.071115
Magnet (MAG),0.063467
Coinlancer (CL),0.023945
Argentum (ARG),0.177054
Ellaism (ELLA),0.211526
Blocklancer (LNC),0.013947
Capricoin (CPC),0.838839
Yocoin (YOC),0.015040
APR Coin (APR),3.16
The Cypherfunks (FUNK),0.000034
DigitalPrice (DP),0.081516
Deutsche eMark (DEM),0.043200
Chronologic (DAY),2.34
Escroco (ESC),0.749155
Kobocoin (KOBO),0.064523
Speed Mining Service (SMS),15.10
IntenseCoin (ITNS),0.003704
Tidex Token (TDX),0.158395
EquiTrader (EQT),0.144781
Bitzeny (ZNY),0.019875
Unitus (UIS),0.025471
FundYourselfNow (FYN),1.61
WandX (WAND),0.121529
Jesus Coin (JC),0.000083
SkinCoin (SKIN),0.016673
Farad (FRD),0.010821
Tigereum (TIG),0.097888
UnbreakableCoin (UNB),0.625834
VIVO (VIVO),0.772085
Fantasy Cash (FANS),0.294418
Machinecoin (MAC),0.062453
Woodcoin (LOG),0.166396
Bitdeal (BDL),0.007386
Bytecent (BYC),0.602820
Miners' Reward Token (MRT),0.128086
InPay (INPAY),0.126454
Digitalcoin (DGC),0.043267
onG.social (ONG),0.047723
eBitcoin (EBTC),0.065092
Onix (ONX),0.011406
DraftCoin (DFT),0.153063
Innova (INN),0.383817
Centra (CTR),0.019765
SagaCoin (SAGA),0.352923
BitWhite (BTW),0.032697
Kolion (KLN),1.69
Renos (RNS),0.034544
Fantomcoin (FCN),0.149861
Advanced Technology Coin (ARC),0.046115
FlutterCoin (FLT),0.002581
Oceanlab (OCL),0.023954
Megacoin (MEC),0.029124
Cryptonite (XCN),0.002575
Legends Room (LGD),0.537838
BitTokens (BXT),1.79
Wild Crypto (WILD),0.036751
Shekel (JEW),0.010369
bitJob (STU),0.021761
FLiK (FLIK),0.017210
SmileyCoin (SMLY),0.000038
ELTCOIN (ELTCOIN),0.011299
Vulcano (VULC),0.000999
PetroDollar (XPD),0.014998
Emphy (EPY),0.120537
Dinastycoin (DCY),0.000583
Growers International (GRWI),0.801673
Photon (PHO),0.000043
ProCurrency (PROC),0.009408
MCAP (MCAP),0.087663
808Coin (808),0.000014
Bitradio (BRO),0.138352
Equal (EQL),0.002739
PiplCoin (PIPL),0.010583
Truckcoin (TRK),0.004912
FujiCoin (FJC),0.000607
Bitsum (BSM),0.001104
Moin (MOIN),0.113854
PopularCoin (POP),0.000250
Happycoin (HPC),0.058830
Version (V),0.001671
Jetcoin (JET),0.121750
Qbic (QBIC),0.470756
Minereum (MNE),0.281621
Unify (UNIFY),0.044525
DRP Utility (DRPU),0.224125
PlatinumBAR (XPTX),0.906743
Embers (MBRS),0.015705
GreenMed (GRMD),0.072450
Nitro (NOX),0.110069
OP Coin (OPC),0.005495
LanaCoin (LANA),0.000821
Leviar (XLC),0.062026
Suretly (SUR),3.30
Blitzcash (BLITZ),0.174838
Authorship (ATS),0.007409
InsaneCoin (INSN),0.036719
Peerguess (GUESS),0.048652
Numus (NMS),0.258244
IncaKoin (NKA),0.000044
ReeCoin (REE),0.000267
Veros (VRS),0.054625
DeusCoin (DEUS),0.059445
AquariusCoin (ARCO),0.374653
Aerium (AERM),0.005842
Bitcoin Scrypt (BTCS),0.036050
Netko (NETKO),0.124785
InflationCoin (IFLT),0.000014
Startcoin (START),0.014572
Billionaire Token (XBL),0.192640
SpeedCash (SCS),1.31
CryptoCarbon (CCRB),0.167715
Triangles (TRI),5.34
Elementrem (ELE),0.022479
Elcoin (EL),0.052300
ArbitrageCT (ARCT),0.006679
Accelerator Network (ACC),1.53
FirstCoin (FRST),0.018204
VoteCoin (VOT),0.019399
Sugar Exchange (SGR),0.158236
Intelligent Trading Foundation (ITT),0.055650
Ethereum Cash (ECASH),0.038242
iEthereum (IETH),0.029382
TittieCoin (TTC),0.000416
RouletteToken (RLT),0.049537
Litecoin Plus (LCP),0.349759
Bitgem (BTG),8.12
WCOIN (WIN),0.160056
EBCH (EBCH),0.052865
bitBTC (BITBTC),9269.98
BlockPay (BLOCKPAY),0.084882
NuShares (NSR),0.000162
Mao Zedong (MAO),0.070102
KushCoin (KUSH),0.078844
BlazeCoin (BLZ),0.000697
Ammo Reloaded (AMMO),0.005495
Aricoin (ARI),0.001832
Golfcoin (GOLF),0.000167
SuperCoin (SUPER),0.008368
MojoCoin (MOJO),0.034601
DaxxCoin (DAXX),0.000749
AdCoin (ACC),0.061693
WavesGo (WGO),0.042375
HOdlcoin (HODL),0.002248
EthBet (EBET),0.056531
Bitcoin Red (BTCRED),0.016467
CarTaxi Token (CTX),0.008441
Senderon (SDRN),0.007493
Impact (IMX),0.002831
Octoin Coin (OCC),0.886874
Crystal Clear  (CCT),0.063055
CrowdCoin (CRC),0.221178
Garlicoin (GRLC),0.031412
Tigercoin (TGC),0.007077
Kubera Coin (KBR),0.002605
BriaCoin (BRIA),0.400000
Titcoin (TIT),0.005916
Bitair (BTCA),0.000429
PureVidz (VIDZ),0.002309
Ethereum Gold (ETG),0.023888
Bitcoin Fast (BCF),0.026725
Safe Trade Coin (XSTC),0.000833
Desire (DSR),0.089634
PostCoin (POST),0.016877
Cryptojacks (CJ),0.000659
Manna (MANNA),0.006127
StrongHands (SHND),4.8e-07
Centurion (CNT),0.003573
Steneum Coin (STN),0.096044
GoldBlocks (GB),0.015965
GlobalBoost-Y (BSTY),0.017233
CannaCoin (CCN),0.051286
NevaCoin (NEVA),0.087227
Zlancer (ZCG),0.117474
Tokugawa (TOK),0.234200
Dix Asset (DIX),0.000002
Swing (SWING),0.070517
Digital Money Bits (DMB),0.002829
Network Token (NTWK),0.014763
RedCoin (RED),0.002997
HomeBlockCoin (HBC),0.046390
WhaleCoin (WHL),0.022895
LeaCoin (LEA),0.000581
Octanox (OTX),0.024977
OctoCoin (888),0.003601
Helleniccoin (HNC),0.002581
GlobalToken (GLT),0.005377
ChanCoin (CHAN),0.019482
EagleCoin (EAGLE),0.072089
bitEUR (BITEUR),1.28
Nekonium (NUKO),0.010990
VapersCoin (VPRC),0.000165
HiCoin (XHI),0.000668
Ethereum Dark (ETHD),0.083006
Global Tour Coin (GTC),0.003913
Beatcoin (XBTS),0.076295
YENTEN (YTN),0.016481
Honey (HONEY),0.222572
High Voltage (HVCO),0.066473
Solarflarecoin (SFC),0.007032
LiteBitcoin (LBTC),0.003000
Bitcoin Planet (BTPL),0.012155
Theresa May Coin (MAY),0.001909
CompuCoin (CPN),0.004080
SongCoin (SONG),0.002074
Eryllium (ERY),0.011341
Asiadigicoin (ADCN),0.002581
Bolenum (BLN),0.005673
Cthulhu Offerings (OFF),0.018816
Cannation (CNNC),0.019358
Master Swiscoin (MSCN),0.000958
Iconic (ICON),0.072134
Coupecoin (COUPE),0.000152
Royal Kingdom Coin (RKC),0.009158
LiteCoin Ultra (LTCU),0.025331
GeyserCoin (GSR),0.450119
WomenCoin (WOMEN),0.000256
Argus (ARGUS),0.012820
Artex Coin (ATX),0.000501
CrevaCoin (CREVA),0.000245
Project-X (NANOX),89731.80
HarmonyCoin (HMC),0.006370
POLY AI (AI),0.000169
imbrex (REX),0.999789
KiloCoin (KLC),0.043709
AsiaCoin (AC),0.004329
Ecobit (ECOB),0.011621
PoSW Coin (POSW),0.113228
Quark (QRK),0.017925
AurumCoin (AU),14.64
Global Jobcoin (GJC),0.311915
Ties.DB (TIE),0.084505
Xenon (XNN),0.011370
RussiaCoin (RC),0.399879
Sense (SENSE),0.023898
REAL (REAL),0.297656
E-coin (ECN),8.32
LuckChain (BASH),0.003972
EncryptoTel [WAVES] (ETT),0.045299
Bullion (CBX),2.76
Vsync (VSX),0.016235
FlypMe (FYP),0.141535
Carboncoin (CARBON),0.000160
Triaconta (TRIA),8.17
Ethbits (ETBS),1.50
Starta (STA),0.383395
Darcrus (DAR),0.122592
Canada eCoin (CDN),0.016306
Bowhead (AHT),0.183273
42-coin (42),31378.10
Musiconomi (MCI),0.046457
WorldCoin (WDC),0.010324
Masternodecoin (MTNC),0.023894
Orbitcoin (ORB),0.361914
MagicCoin (MAGE),0.149861
Monster Byte (MBI),0.062539
Shorty (SHORTY),0.010157
Universe (UNI),0.044126
MAZA (MZC),0.000916
Zetacoin (ZET),0.005689
UniCoin (UNIC),0.315458
Bit20 (BTWTY),"911,367"
Zennies (ZENI),0.000916
Bata (BTA),0.181767
Bitpark Coin (BPC),0.011656
Sovereign Hero (HERO),185.52
Adzcoin (ADZ),0.019293
I0Coin (I0C),0.039963
ShadowCash (SDC),0.124634
Fastcoin (FST),0.005245
MetalCoin (METAL),0.010540
Etheriya (RIYA),0.488630
Cream (CRM),0.016865
Cashcoin (CASH),0.015902
StarCredits (STRC),0.167262
Piggycoin (PIGGY),0.001499
NetCoin (NET),0.000916
HoboNickels (HBN),0.010740
Skeincoin (SKC),0.050203
Guncoin (GUN),0.003080
BritCoin (BRIT),0.030388
ICO OpenLedger (ICOO),1.38
BigUp (BIGUP),0.000280
QubitCoin (Q2C),0.002414
BitBar (BTB),15.82
iTicoin (ITI),17.29
bitSilver (BITSILVER),25.09
DROXNE (DRXNE),0.007493
Synergy (SNRG),0.146531
Trollcoin (TROLL),0.000918
BTCtalkcoin (TALK),0.008076
UltraCoin (UTC),0.011323
Nyancoin (NYAN),0.001582
Opal (OPAL),0.033120
Eternity (ENT),0.113906
TagCoin (TAG),0.075014
Phoenixcoin (PXC),0.006990
Regalcoin (REC),0.035313
TrumpCoin (TRUMP),0.066740
Halcyon (HAL),0.072516
DigiCube (CUBE),0.000167
Joulecoin (XJO),0.010407
Pakcoin (PAK),0.006797
PlusCoin (PLC),0.000070
Dashcoin (DSH),0.021711
Blakecoin (BLC),0.024085
CryptoInsight (TKR),0.028266
TEKcoin (TEK),0.000250
Cabbage (CAB),0.033219
Atomic Coin (ATOM),0.021431
Tattoocoin (Standard Edition) (TSE),0.003757
Virtacoin (VTA),0.000064
ParallelCoin (DUO),1.04
DigitalDevelopersFund (DDF),0.064304
PayCoin (XPY),0.027474
AmsterdamCoin (AMS),0.006411
8Bit (8BIT),0.217132
Bitstar (BITS),0.013647
SmartCoin (SMC),0.012912
Ultimate Secure Cash (USC),0.030222
Granite (GRN),0.008076
TOKYO (TOKC),0.002089
Sterlingcoin (SLG),0.071832
Motocoin (MOTO),0.015153
IrishCoin (IRL),0.008409
Bitcurrency (BTCR),0.001748
bitGold (BITGOLD),1541.45
Bolivarcoin (BOLI),0.027808
Philosopher Stones (PHS),0.047100
IslaCoin (ISL),0.185304
Rimbit (RBT),0.001415
Evil Coin (EVIL),0.013564
Abjcoin (ABJ),0.020380
Mineum (MNM),0.029972
Prototanium (PR),1.39
iCoin (ICN),0.009070
Marscoin (MARS),0.009487
Bitz (BITZ),0.134143
Chronos (CRX),0.003538
Flycoin (FLY),1.23
Shadow Token (SHDW),0.036799
Gapcoin (GAP),0.019555
Phantomx (PNX),0.011769
ChessCoin (CHESS),0.004597
Scorecoin (SCORE),0.005908
ZoZoCoin (ZZC),0.140504
SpaceCoin (SPACE),0.010402
Emerald Crypto (EMD),0.011983
Influxcoin (INFX),0.136889
SecureCoin (SRC),0.026547
Sativacoin (STV),0.031887
AmberCoin (AMBER),0.005159
Grimcoin (GRIM),0.001664
CoinonatX (XCXT),0.011640
Darsek (KED),0.010402
Joincoin (J),0.068403
LiteBar (LTB),0.226428
Newbium (NEWB),0.004093
Polcoin (PLC),0.002580
Coin(O) (CNO),0.001831
Quatloo (QTL),0.024977
RevolverCoin (XRE),0.008405
Jin Coin (JIN),0.019056
PX (PX),0.001914
Prime-XI (PXI),0.009151
Pascal Lite (PASL),0.036882
C-Bit (XCT),0.001165
RonPaulCoin (RPC),0.197428
Ratecoin (XRA),0.001501
Zurcoin (ZUR),0.002080
Datacoin (DTC),0.005742
300 Token (300),599.26
Rubies (RBIES),0.016560
Fujinto (NTO),0.002517
SatoshiMadness (MAD),0.000082
Coin2.1 (C2),0.002080
GlobalCoin (GLC),0.002496
Catcoin (CAT),0.024881
ERC20 (ERC20),0.000100
Freicoin (FRC),0.004935
MustangCoin (MST),0.242636
Ccore (CCO),0.105027
Quebecoin (QBC),0.009736
Kurrent (KURT),0.002468
Xios (XIOS),0.068230
Signatum (SIGT),0.001331
Bankcoin (B@),0.014005
BERNcash (BERN),0.001983
Firecoin (FIRE),1.39
ParkByte (PKB),0.028792
GameUnits (UNITS),0.039028
MACRON (MCRN),0.000333
EcoCoin (ECO),0.115022
Mincoin (MNC),0.029703
FinCoin (FNC),0.010235
SecretCoin (SCRT),0.030960
Bitcoin 21 (XBTC21),0.164924
BoostCoin (BOST),0.010901
TajCoin (TAJ),0.013708
Trident Group (TRDT),0.120163
Digital Rupees (DRS),0.000250
BumbaCoin (BUMBA),0.005159
Dalecoin (DALC),0.264222
GuccioneCoin (GCC),0.005908
SixEleven (611),0.263625
Neuro (NRO),0.002247
PayCon (CON),0.004884
HempCoin (HMP),0.000081
Advanced Internet Blocks (AIB),0.003390
AllSafe (ASAFE2),0.013233
BitQuark (BTQ),0.010735
BROTHER (BRAT),0.000823
GoldPieces (GP),0.066140
Acoin (ACOIN),0.085847
BitCoal (COAL),0.023146
Allion (ALL),0.016726
Crypto (CTO),0.007393
ZetaMicron (ZMC),0.000166
SoonCoin (SOON),0.007406
Eurocoin (EUC),0.007204
FuzzBalls (FUZZ),0.018094
Visio (VISIO),0.001664
ExchangeN (EXN),0.016643
JavaScript Token (JS),0.010572
Dollarcoin (DLC),0.009227
X-Coin (XCO),0.006740
PoSToken (POS),0.082383
GlassCoin (GLS),0.025048
Marijuanacoin (MAR),0.048681
Virta Unique Coin (VUC),0.001282
SOILcoin (SOIL),0.013814
Coinonat (CXT),0.009002
FUNCoin (FUNC),0.013069
Money ($$$),0.001664
Comet (CMT),0.087029
Flaxscript (FLAX),0.013065
CacheCoin (CACH),0.017073
Useless Ethereum Token (UET),0.016937
BitAsean (BAS),0.013409
BenjiRolls (BENJI),0.003323
BipCoin (BIP),0.040026
Roofs (ROOFS),0.000499
BnrtxCoin (BNX),0.001914
ICOBID (ICOB),0.000583
Gold Pressed Latinum (GPL),0.241324
Kronecoin (KRONE),0.009070
Uro (URO),0.049948
Metal Music Coin (MTLMC3),0.000749
QuazarCoin (QCN),0.008322
Shilling (SH),0.008322
Luna Coin (LUNA),0.032410
Copico (XCPO),0.003412
MindCoin (MND),0.003329
AgrolifeCoin (AGLC),0.000250
Debitcoin (DBTC),0.002837
Printerium (PRX),0.004161
Independent Money System (IMS),0.008488
StarCash Network (STARS),0.044770
Pioneer Coin (PCOIN),0.014812
DAPPSTER (DLISK),0.000416
Jewels (JWL),0.002006
Veltor (VLT),0.071648
Madcoin (MDC),0.021719
Interzone (ITZ),0.015644
HealthyWormCoin (WORM),0.000333
BiosCrypto (BIOS),0.001748
PonziCoin (PONZI),0.040909
Slevin (SLEVIN),0.000499
Zayedcoin (ZYD),0.005575
Creatio (XCRE),0.001664
ARbit (ARB),0.004161
LetItRide (LIR),0.000910
GBCGoldCoin (GBC),0.002940
MiloCoin (MILO),0.002996
PIECoin (PIE),0.002907
Steps (STEPS),0.001666
Dreamcoin (DRM),0.012233
ImpulseCoin (IMPS),0.001484
CryptoWorldX Token (CWXT),0.000499
Elysium (ELS),0.007240
KingN Coin (KNC),14.15
GeertCoin (GEERT),0.005302
Destiny (DES),0.017059
JobsCoin (JOBS),0.000250
PosEx (PEX),0.010735
PlayerCoin (PLACO),0.000740
VectorAI (VEC2),0.001498
BowsCoin (BSC),0.004660
TAGRcoin (TAGR),0.000663
Litecred (LTCR),0.000832
BOAT (BOAT),0.001331
PLNcoin (PLNC),0.001415
Californium (CF),0.009570
PRCoin (PRC),0.001082
Wild Beast Block (WBB),0.122909
RSGPcoin (RSGP),12.47
Credence Coin (CRDNC),0.005991
Bitvolt (VOLT),0.000915
Save and Gain (SANDG),0.004903
Rawcoin (XRC),0.021156
AnarchistsPrime (ACP),0.003329
Dollar Online (DOLLAR),0.018391
BioBar (BIOB),0.011151
iBank (IBANK),0.002164
Selfiecoin (SLFI),0.000085
NodeCoin (NODC),0.004716
Coimatic 3.0 (CTIC3),0.003245
SocialCoin (SOCC),0.004244
Concoin (CONX),0.007240
Vault Coin (VLTC),0.000166
Coimatic 2.0 (CTIC2),0.000333
Magnum (MGM),0.000999
Ulatech (ULA),0.019306
LevoPlus (LVPS),0.000915
Tristar Coin (TSTR),0.000250
FuturXe (FXE),0.004577
CaliphCoin (CALC),0.000083
Ebittree Coin (EBT),0.000416
CK USD (CKUSD),0.971889
EduCoin (EDU),0.005913
ATMCoin (ATMC),3.07
TrustNote (TTT),0.102670
Content and AD Network (CAN),0.026242
Maggie (MAG),0.033974
Intelligent Investment Chain (IIC),0.010092
Tripio (TRIO),0.019943
Pundi X (NPXS),0.012335
Penta (PNT),0.029537
Skrumble Network (SKM),0.093173
Kcash (KCASH),0.154059
OceanChain (OC),0.005494
CoinMeet (MEET),0.080424
iQuant (IQT),0.073229
Super Bitcoin (SBTC),14.94
StarChain (STC),0.108787
Acute Angle Cloud (AAC),0.131622
Influence Chain (INC),0.501323
Nexty (NTY),0.000169
RealChain (RCT),0.042649
eosDAC (EOSDAC),0.219579
MOAC (MOAC),9.08
Molecular Future (MOF),0.398288
Zippie (ZIPT),0.093715
MyToken (MT),0.036019
Super Game Chain (SGCC),0.003284
Lightning Bitcoin (LBTC),48.59
AWARE (AWR),0.034075
Monero Classic (XMC),8.04
Noah Coin (NOAH),0.007856
Fargocoin (FRGC),8.96
ChatCoin (CHAT),0.102216
Electronic PK Chain (EPC),0.097757
United Bitcoin (UBTC),12.45
WETH (WETH),700.02
LightChain (LIGHT),0.001807
Loopring [NEO] (LRN),1.76
Switcheo (SWTH),0.056628
ValueChain (VLC),0.080452
NPER (NPER),0.297444
PolicyPal Network (PAL),0.048451
BitcoinX (BCX),0.019736
Freyrchain (FREC),0.018881
OFCOIN (OF),0.001428
TopChain (TOPC),0.040088
Aston (ATX),0.172255
Global Social Chain (GSC),0.232882
HalalChain (HLC),0.176929
Dragon Coins (DRG),0.554057
Tezos (Pre-Launch) (XTZ),4.81
Exchange Union (XUC),6.13
UnlimitedIP (UIP),0.034129
Gems  (GEM),0.016244
Read (READ),0.020090
InsurChain (INSUR),0.002055
Dignity (DIG),0.142479
Show (SHOW),0.005378
Crowd Machine (CMCT),0.052158
StockChain (SCC),0.004444
Plancoin (PLAN),0.224829
Filecoin [Futures] (FIL),10.53
IPChain (IPC),0.797894
FuzeX (FXT),0.076672
KEY (KEY),0.011308
FairGame (FAIR),0.034365
VeriME (VME),0.049450
Cybereits (CRE),0.028533
Rublix (RBLX),0.399296
BigONE Token (BIG),1.62
Bezant (BZNT),0.168706
Aidos Kuneen (ADK),16.64
PressOne (PRS),0.236629
BelugaPay (BBI),0.278680
Sakura Bloom (SKB),0.005908
Curriculum Vitae (CVH),0.017996
Friendz (FDZ),0.026990
Consensus (SEN),0.034218
Content Neutrality Network (CNN),0.001965
Fitrova (FRV),0.007796
Transcodium (TNS),0.099384
StarCoin (KST),0.030517
Infinity Economics (XIN),0.008535
B2Bcoin (BBC),0.035785
Monero Original (XMO),7.99
Etherecash (ECH),0.110927
Jingtum Tech (SWTC),0.007357
Animation Vision Cash (AVH),0.011168
InvestDigital (IDT),0.043130
TerraNova (TER),6.26
Qube (QUBE),0.035397
COMSA [ETH] (CMS),0.515810
Vipstar Coin (VIPS),0.000500
Arbitracoin (ATC),0.041108
Bela (BELA),0.069069
COMSA [XEM] (CMS),0.517794
Sphre AIR  (XID),0.113318
GameChain System (GCS),0.007610
BrahmaOS (BRM),0.068427
Pixie Coin (PXC),0.004019
Minex (MINEX),0.013154
Bitcoin Interest (BCI),5.99
BlockCDN (BCDN),0.029498
SnipCoin (SNIP),0.000663
AC3 (AC3),0.352525
WeAreSatoshi (WSX),0.020804
SegWit2x (B2X),0.761336
TokenDesk (TDS),0.138954
Golos Gold (GBG),0.076454
CFun (CFUN),0.009094
Candy (CANDY),0.000282
W3Coin (W3C),0.000528
Animecoin (ANI),0.013160
Decentralized Machine Learning (DML),0.070565
EmberCoin (EMB),6.1e-07
Bitcoin God (GOD),34.42
Amon (AMN),0.022426
Utrum (OOT),0.091788
Royalties (XRY),0.000164
Cropcoin (CROP),0.078039
Infinitecoin (IFC),0.000086
WINCOIN (WC),0.401461
ZSEcoin (ZSE),0.014477
Lendroid Support Token (LST),0.007383
Fidelium (FID),0.203459
Swisscoin (SIC),0.000500
Digix Gold Token (DGX),43.48
Indicoin (INDI),0.015811
BetterBetting (BETR),0.068748
Hyper Pay (HPY),0.019208
MSD (MSD),0.016908
United Traders Token (UTT),0.333483
XTD Coin (XTD),0.000083
TeslaCoilCoin (TESLA),3.05
Titanium Blockchain (BAR),0.005024
ERA (ERA),0.046697
CryptopiaFeeShares (CEFS),1522.91
First Bitcoin Capital (BITCF),0.116606
WA Space (WA),0.018224
SJWCoin (SJW),0.000583
President Trump (PRES),0.011565
ACChain (ACC),0.208672
Budbo (BUBO),0.031026
President Johnson (GARY),0.049263
CORION (COR),0.125767
Atmos (ATMOS),0.062134
ClubCoin (CLUB),0.508817
SONO (SONO),0.923687
SIGMAcoin (SIGMA),0.014112
Smoke (SMOKE),0.063234
NumusCash (NUMUS),0.000166
Bank Coin (BANK),0.045809
EtherDelta Token (EDT),0.003953
StrikeBitClub (SBC),0.002247
Internet of Things (XOT),499.29
NamoCoin (NAMO),0.000250
EDRCoin (EDRC),0.072169
HODL Bucks (HDLB),0.058303
OX Fina (OX),0.000583
Dutch Coin (DUTCH),0.000500
PHI Token (PHI),0.233458
Harvest Masternode Coin (HC),0.090039
Bubble (BUB),0.010078
ZenGold (ZENGOLD),0.018564
Donationcoin (DON),0.001331
ANRYZE (RYZ),0.006913
Pabyosi Coin (Special) (PCS),0.066572
BTCMoon (BTCM),0.004400
Storjcoin X (SJCX),0.829428
India Coin (INDIA),0.000167
EncryptoTel [ETH] (ETT),0.047888
Francs (FRN),0.031856
Macro (MCR),0.221102
BlazerCoin (BLAZR),0.002733
Bitbase (BTBc),0.001082
Sparks (SPK),0.113196
NEO GOLD (NEOG),0.001916
GOLD Reward Token (GRX),0.007963
BetaCoin (BET),0.003082
DavorCoin (DAV),0.003248
Huncoin (HNC),0.000666
TopCoin (TOP),0.001249
RabbitCoin (RBBT),0.000010
UR (UR),0.000999
TurboCoin (TURBO),0.000167
Bastonet (BSN),0.001832
Runners (RUNNERS),0.000250
MarxCoin (MARX),0.002508
DynamicCoin (DMC),0.000917
Halloween Coin (HALLO),0.000262
Aseancoin (ASN),0.011661
GoldMaxCoin (GMX),0.000745
CryptCoin (CRYPT),0.086621
SHACoin (SHA),0.000833
Slothcoin (SLOTH),0.000003
Quotient (XQN),0.004871
Primulon (PRIMU),0.000250
Sakuracoin (SKR),0.002582
PlexCoin (PLX),0.012410
RoyalCoin (ROYAL),0.003082
Antimatter (ANTX),0.000167
CoffeeCoin (CFC),0.001999
DarkLisk (DISK),0.000666
Tellurion (TELL),0.000297
LePen (LEPEN),0.000083
Cyder (CYDER),0.001666
EA Coin (EAG),0.021655
Wink (WINK),0.000655
Superior Coin (SUP),0.001334
Cloud (CLD),0.030669
PROUD Money (PROUD),0.015402
T-coin (TCOIN),0.000083
UniversalRoyalCoin (UNRC),0.000578
KlondikeCoin (KDC),0.016241
Wi Coin (WIC),0.000869
First Bitcoin (BIT),0.031400
BT2 [CST] (BT2),29.15
FAPcoin (FAP),0.000750
High Gain (HIGH),0.000250
UNCoin (UNC),0.000083
Magnetcoin (MAGN),0.157667
Protean (PRN),0.000040
BitSerial (BTE),0.005159
Levocoin (LEVO),0.000833
RichCoin (RICHX),0.004414
Birds (BIRDS),0.000416
AvatarCoin (AV),0.047059
TodayCoin (TODAY),0.000750
Ethereum Lite (ELITE),0.304924
Avoncoin (ACN),0.000416
Cubits (QBT),0.002749
Regacoin (REGA),0.000583
Zilbercoin (ZBC),0.036064
SuperNET (UNITY),109.86
SportsCoin (SPORT),0.001499
eREAL (EREAL),0.000784
GrandCoin (GDC),0.000250
Alphabit (ABC),30.09
ShellCoin (SHELL),0.028735
UGAIN (GAIN),0.002166
Akuya Coin (AKY),0.002749
BestChain (BEST),0.003415
Pirate Blocks (SKULL),0.001499
Cheapcoin (CHEAP),0.000583
STEX (STEX),1.09
Bitok (BITOK),0.000083
LandCoin (LDCN),0.004331
Opescoin (OPES),0.001832
Fazzcoin (FAZZ),0.003498
Karmacoin (KARMA),0.000083
SISA (SISA),0.008329
Hyper (HYPER),0.022502
Sharkcoin (SAK),0.003310
EggCoin (EGG),0.022208
Cycling Coin (CYC),0.000972
Axiom (AXIOM),0.011175
DeltaCredits (DCRE),0.206963
X2 (X2),0.000250
Operand (OP),0.002133
PrismChain (PRM),0.001071
LinkedCoin (LKC),0.000247
PokeCoin (POKE),0.000083
Aces (ACES),0.000166
Omicron (OMC),0.128902
Rcoin (RCN),0.000083
KashhCoin (KASHH),0.000085
Dashs (DASHS),0.027939
Tattoocoin (Limited Edition) (TLE),3.33
Qora (QORA),0.580750
Vcash (XVC),?
TechShares (THS),0.320077
Farstcoin (FRCT),?
ENTCash (ENT),0.024932
